,book_id,chap_id,anger,anticipation,disgust,fear,joy,sadness,surprise,trust,sentiment,year
0,BetweenTheActs,1,0.0004949221780965127,0.0006963023467519072,0.0004499598085508891,0.0006221141554278653,0.0005676481565196073,0.0006554160642582799,0.0003006725635803418,0.0009969492982513037,0.0003114903812423836,1941
1,BetweenTheActs,2,0.0011101219020822456,0.0008238076559090428,0.0011136318886783886,0.0015913788069968342,0.0012746285881151172,0.0012965123589323657,0.0006639062007563143,0.0012295567564156087,-0.001024460379090537,1941
2,BetweenTheActs,3,0.0008318844888471932,0.0009370734618386794,0.0008396730388904827,0.0011926505469337689,0.0015413445886612001,0.0016794082513164484,0.0008426973528936379,0.001264318918349231,0.0005468375273277035,1941
3,BetweenTheActs,4,0.00047949966112437474,0.0004107709752100021,0.0003379429595004937,0.00064880055148142,0.0004921293414331094,0.00041138592229691896,0.00024126950855106105,0.0006453963345151726,-6.120091658294843e-05,1941
4,BetweenTheActs,5,0.0004866937833900579,0.0009337750378636739,0.002012276836945895,0.0004183409787359052,0.0020489688614918683,0.0004910129587575105,0.0011726617710325054,0.001956403701055316,0.0003175971385719579,1941
5,BetweenTheActs,6,0.0013134068243173824,0.0015716788927755295,0.0,0.003153146489579088,0.0005926239715520941,0.0008941223835394293,0.0005205184389375236,0.001179667292064847,-0.0005708705497586295,1941
6,BetweenTheActs,7,0.0008745289765178111,0.0008977287838340001,0.0004323883634478481,0.0008905154809067741,0.0010667174788286519,0.0006300029411859037,0.0006821967628368111,0.0009620888746508038,-0.00010065975872963699,1941
7,BetweenTheActs,8,0.0005961772252317363,0.0018515499299366636,0.0009242235973774272,0.003000161900223927,0.0019243017629888002,0.0032904984938101,0.002444624419986591,0.0013506508386543182,-0.0020277341129464905,1941
8,BetweenTheActs,9,0.0007141709501946352,0.0006054507228143215,0.0005233044072231764,0.000735094566660845,0.000871515128080653,0.0003950478936266706,0.0006045366970110254,0.0009754185930692059,5.601001156745086e-06,1941
9,BetweenTheActs,10,0.0006650119861242,0.0005293856560771933,0.0004101482264974333,0.0017809883067249632,0.0007235131490256334,0.0011665168092100534,0.0006054165179371299,0.0014925346507192133,-0.0006777099038539699,1941
10,BetweenTheActs,11,0.0009439517840610138,0.0005194443116512227,0.0005403897707626296,0.001054772255258891,0.0007932149991149273,0.0006612566902874863,0.0005197427701926954,0.0006269480327260727,-0.0001845426606669818,1941
11,BetweenTheActs,12,0.000683908463964648,0.0007189981957023542,0.00033778567167966664,0.0006960196244742271,0.0008515359585397083,0.00069219904254895,0.0009075369957315854,0.0009256610741611541,0.000344650137061527,1941
12,BetweenTheActs,13,0.001062292531723289,0.0015710723220124334,0.0,0.0025136108542952776,0.0025345300848316115,0.0,0.0002296830710935778,0.0025345300848316115,-0.0010413733011869553,1941
13,BetweenTheActs,14,0.0008240783754687001,0.0006186018192942742,0.0009610727760267387,0.0006265786550307129,0.0008280512066424742,0.0008800300445212387,0.0003811167481020742,0.001369287146232716,-0.0004378383898423322,1941
14,BetweenTheActs,15,0.0021079862972766556,0.0010096492680133481,0.002116671165645072,0.0012967832239306558,0.000997285802412204,0.000788946946458756,0.000279673757598856,0.001339634169258216,-0.0018659383390880518,1941
15,BetweenTheActs,16,0.0024929561404056252,0.001420387466071325,0.0008547434434439108,0.001508027160956368,0.0014426745085666572,0.0020500400368759714,0.0011005204241989464,0.0010725464269982358,-0.0012541440426088143,1941
16,BetweenTheActs,17,0.0002758145600029484,0.0002692242249610787,0.00024612333313863674,0.00023801914206141288,0.0003341458064521239,0.00022867956975879095,0.00019338823254092452,0.00024942405956072906,-5.341359785487676e-05,1941
17,BetweenTheActs,18,0.0005347054326131831,0.00019718490168656403,0.0005539297999197011,0.0005752209536432505,0.0003493931233603315,0.0004955439908198551,0.00010178354219276967,0.0005187919141279067,-0.00035810391298428764,1941
18,BetweenTheActs,19,0.0009341335655479268,0.0006300757545452927,0.0011503918270776782,0.0006655596734906975,0.0009658893981922439,0.0006966428429420755,0.0006312365480998804,0.0010520762503902464,-0.00026221744596088294,1941
19,BetweenTheActs,20,0.00105864518531222,0.001073510507296388,0.001146911266763248,0.0014642089680900077,0.0016510009883127239,0.0011460017483886,0.000761659364297176,0.001573389376130852,-0.00044140071939530797,1941
20,BetweenTheActs,21,0.0009677348538525156,0.0017006513489018031,0.000652134904107675,0.0009177758170972812,0.0024732264297846404,0.0013585790790631594,0.0008268176320952001,0.0020906497565393966,0.0011592270598570844,1941
21,BetweenTheActs,22,0.0009791277369307918,0.0005232770921886433,0.000622111850782754,0.0012703821796866595,0.002265535555397208,0.001957196270019338,0.000590103920718581,0.0009294612642240811,0.00033902608606661085,1941
22,BetweenTheActs,23,0.0003898119779525868,0.0004293268504862528,0.0004870391597198671,0.0005039215593374473,0.0009099818368059485,0.00031471140363239564,0.00018719295314867802,0.0014791175370696408,0.0008566332286992198,1941
23,BetweenTheActs,24,0.000704451567765604,0.0005889539945254737,0.0005108191599720593,0.0006347313733127447,0.0006716735742267486,0.0007158851370546001,0.0004849907820131329,0.0008400616740678211,-0.0003921267722118,1941
24,BetweenTheActs,25,0.0014219866687735347,0.0006186844189308796,0.0013636456844367982,0.0011990758492143776,0.0011693225934513143,0.001300194224889855,0.00023018982680641633,0.0018595898950241512,-3.522387236824893e-05,1941
25,BetweenTheActs,26,0.0007203735861469868,0.0005092058145176737,0.0004987545306430947,0.0008289434718158684,0.0008790924294970737,0.0002555517407442474,0.00029430554111226315,0.00140488036084955,0.00037899745997162633,1941
26,BetweenTheActs,27,0.0005340583870693986,0.00048156402922962634,0.0005957929586980332,0.0005598804892599555,0.0004145386896005222,0.0004026387382089278,0.00028901520265993055,0.001003122660983811,0.00015714203529008057,1941
27,BetweenTheActs,28,0.0035176662631931786,0.0024025442609496854,0.0011146506392227644,0.0026003654201433787,0.0017382673709112428,0.0008901003365012429,0.0013769347823404214,0.0030067485280194433,-0.001417399333811086,1941
28,BetweenTheActs,29,0.00020354301416493698,0.000821916768476526,0.0006451648501881246,0.0006009298496336041,0.0012022007676655987,0.0004845826260531932,0.0005894560473739726,0.0012034630551341398,0.0006043368336505068,1941
29,BetweenTheActs,30,0.0002539311969263297,0.0002047889379179,0.00019156274917283197,0.0001972372107539072,0.0002313426978862063,0.00018996736375616937,0.00015180004969837972,0.0002757250056188117,-8.90863924760045e-05,1941
30,BetweenTheActs,31,0.0008362190587018639,0.0009382707639808426,0.0001212489089028319,0.0005956842265528786,0.0010418031149094468,0.0005556426956578937,0.00010875471312439788,0.0012600546235507254,0.0006144313963460873,1941
31,BetweenTheActs,32,0.0047335124601700996,0.005679103386778924,0.00420766770482487,0.005592041489350859,0.0036903183158380937,0.0033565358413966176,0.0004138441577074294,0.004695488997782594,-0.0020863160736179056,1941
32,BetweenTheActs,33,0.0010497951187494047,0.0013392876645255442,0.0011386509740163163,0.0014786215891840907,0.0011425056618655069,0.001153029209757135,0.0006109908504268,0.0010776300727702187,-0.00019030190197683958,1941
33,BetweenTheActs,34,0.0009029395308123089,0.0004141845170466178,0.00036043852352022666,0.0009197985908542378,0.0005761592093411155,0.0007254661716450978,0.0003147237380809022,0.0006943786596083244,-0.0003292714287613044,1941
34,Flush,1,0.0002481232974920023,0.00023637418213247585,0.00022745538928216035,0.00031127976523886265,0.00037018244537487645,0.00020880836111976725,0.00012608417434372242,0.0004978732404718523,4.9570158881925284e-05,1933
35,Flush,2,0.0004055077092074463,0.000178373802170638,0.0002439088733757124,0.00037758396951937436,0.00023439321263804297,0.00029269072337811486,0.00012760352659089175,0.0003208029657707049,-0.00020290879210687357,1933
36,Flush,3,0.0002931330087315073,0.00012506380883590048,0.0002246413623232348,0.00033527106324453433,0.00015060518812096078,0.00024175755571370145,9.25607296171652e-05,0.0001529258990237054,-0.0002748002603962172,1933
37,Flush,4,0.0003063940208600777,0.00019130426105783634,0.00026581155547401116,0.00037343181412171847,0.00014751851479710527,0.00032695611117498495,0.0001262981122712806,0.00018757168908902712,-0.00031143816775422385,1933
38,Flush,5,0.00019122173530153016,0.0001479115182355824,0.00013428688336961694,0.00020329238721223555,0.0002036168778439411,0.00017537890806905041,7.026516853736919e-05,0.00015521289256512294,-8.530200683821594e-05,1933
39,Flush,6,0.0001842976305130886,0.00017068886134504548,0.00014756539295746304,0.00023970429675472795,0.00020547636449179068,0.00017345214126613555,0.00013242029016642844,0.00024219875899259114,-3.866181715792734e-05,1933
40,JacobsRoom,1,0.000345943410205399,0.0003149111255458875,0.00019995594116860936,0.0005344303189574312,0.00029615584599920313,0.000535152748243647,0.00018182610059143856,0.00035208303906409164,-0.00042670023149631356,1922
41,JacobsRoom,2,0.0001721420308800822,0.0001925036029427178,0.00017179311500472807,0.00022287263241661437,0.0001975931586125411,0.0002625441588010959,0.00012753744899439794,0.0002905295702913082,-7.245141497503356e-05,1922
42,JacobsRoom,3,0.00018502097308331723,0.0002108904046494178,0.00012670459687027944,0.000203736918328175,0.0002377851995804039,0.00019138635584031334,0.00012173273245850333,0.0002794493344096672,6.828622574762778e-06,1922
43,JacobsRoom,4,0.00013771761853604225,0.00019350947478026338,0.00017744758331577324,0.00021188498275112675,0.00019729173592726056,0.00021425106229136268,7.412597849733028e-05,0.00029772954658555703,-1.5916977415623943e-05,1922
44,JacobsRoom,5,0.00028114675106939,0.000286925734696754,0.00023564469072359932,0.00034677144515258266,0.00034141346366955,0.00035210421923937666,0.00020853394042866,0.0004431649356225927,3.2456347504225335e-05,1922
45,JacobsRoom,6,0.000342166264022621,0.0003127411674212311,0.00027690074931305546,0.0004566541831200739,0.0003589542867509387,0.00036890087894786135,0.0001284689153034748,0.0004215919356248126,-9.626261652927478e-05,1922
46,JacobsRoom,7,0.00034251723223621336,0.0005350232496161366,0.00026585359830361165,0.0005764839335422016,0.0007418301933591433,0.0005181903612707517,0.00017082932072914666,0.0007820394490494184,0.00020671406164116834,1922
47,JacobsRoom,8,0.00032689433992423426,0.0003366365310923021,0.0002635449798432672,0.0003726412742253357,0.00032744615887255173,0.0003347648499987,0.00017122977428637133,0.00036813274584488603,-0.00017496004488847273,1922
48,JacobsRoom,9,0.0002024040405783703,0.00015418288469160626,0.0001837213671617097,0.00018117900734756514,0.00020015879917076456,0.000184877145736452,7.068512790247314e-05,0.00028670693529593317,-8.24047916538e-06,1922
49,JacobsRoom,10,0.00032405441438392333,0.0002191002086600625,0.00019704338756055252,0.00032740926148161915,0.0003518582971648608,0.00028645068367666503,0.00013773658938315834,0.00035898048879890165,-8.890701078545666e-05,1922
50,JacobsRoom,11,0.00022525961138276338,0.0004063090970853941,0.0002164944508748396,0.0002593908290102287,0.0004947362954938692,0.0004246768686479535,0.0001562821700498614,0.0004942511594025703,0.00023825148359331386,1922
51,JacobsRoom,12,0.0001072890925476041,8.651871261062098e-05,9.75203137130603e-05,0.00012156785853948916,0.00011616529696524831,0.000143419264802728,6.290609379219925e-05,0.0001614850470487326,-3.188869564609238e-05,1922
52,JacobsRoom,13,0.0002715717694736542,0.0002002191058019516,0.00020673661119769614,0.0002383389315879974,0.00027045577439102256,0.00026580071090509614,0.00014124291271031805,0.0003346440345078987,-1.2641398839525806e-05,1922
53,JacobsRoom,14,0.0055459964838567,0.0036770937088254334,0.0016715639859279001,0.006259080910860634,0.0,0.00609011413881385,0.0013981532485900668,0.0013981532485900668,-0.010951041801084416,1922
54,MrsDalloway,1,0.0002916442045670122,0.0002395370476944343,0.00022237082223094715,0.0003177255538763093,0.0003869762347141514,0.00028910496028982714,0.00015875919695250998,0.0003163391356132379,-4.0974304372270705e-05,1925
55,MrsDalloway,2,0.0001909057656868793,0.0002015570027000858,0.00014367687764141242,0.0002701717886020864,0.00026588510039154674,0.0002676753704301207,0.00016146041813543311,0.00026476193052098695,-5.076389402733727e-06,1925
56,MrsDalloway,3,0.0001850953190665356,0.0001513423543322712,0.00013506146667757382,0.00020001040152020836,0.00022062899738397695,0.00018273424385907696,0.0001248877902021204,0.00022049447152962723,-2.9044447084629316e-05,1925
57,MrsDalloway,4,0.0002910652182441182,0.0004393147123651879,0.00021426247623025857,0.00036134156632601716,0.0005878116633864545,0.0003677021529344394,0.00019521077769082222,0.0004836671259812485,0.00016767863922354645,1925
58,MrsDalloway,5,0.0014589602176162389,0.0013764910121540446,0.0005554391292988334,0.0024515875303497254,0.0023561401764190418,0.0017934449757790862,0.0006130217767693195,0.0021613024167187306,-1.6846164926130486e-05,1925
59,MrsDalloway,6,0.0005912879479037212,0.0002561968087915837,0.00043773292691200877,0.0005741865096643563,0.00040238766491852,0.0007237311527596762,0.00020075444872615626,0.0005325344550357362,-0.00018482998718605,1925
60,MrsDalloway,7,5.9360938029220265e-05,6.32129238522422e-05,4.554845325405476e-05,7.193946184732104e-05,6.907928223890425e-05,6.555067984670518e-05,2.7130993081217198e-05,8.142476116828789e-05,-8.551055637541217e-06,1925
61,MrsDalloway,8,0.00011486578587245945,0.00013492374172103042,9.284698574226154e-05,0.00014753036729524513,0.00018625453205250943,0.00012848944907186538,7.792686268842238e-05,0.0002095805435434084,6.796508126436574e-05,1925
62,NightAndDay,1,0.00023040337231414797,0.00023174919910089238,0.00016437229050921987,0.0002218169636739339,0.00026400050577258713,0.0002205627245355468,0.00013298805578049823,0.00032055999811966666,3.6763201577642104e-05,1919
63,NightAndDay,2,0.00033670778217389824,0.0002451916878725908,0.00023626198872841097,0.000322566903694874,0.0002410128826579705,0.0003413899551067491,0.00013527649275579538,0.00029265006439742835,-0.00015602459829032255,1919
64,NightAndDay,3,0.0001500282259044378,0.0003548476251111219,0.00013756103742698902,0.00028721098432799025,0.0004355303307451598,0.0002475467976074957,0.00017638521790821706,0.0004323683461028555,0.00025546034203267746,1919
65,NightAndDay,4,0.00018990610812278917,0.0002308215881290962,0.00015413557494202163,0.00021067763318364323,0.0002473559425415243,0.00020359183139397405,0.00016299476185939785,0.0002825812180583611,6.536477684279675e-05,1919
66,NightAndDay,5,0.0002221399009777625,0.00027056814487727717,0.0001736613967412684,0.00027521174537063975,0.0002486635646954573,0.00029809568002960734,0.00013292565510223235,0.00031980861901056247,-3.839347627986545e-05,1919
67,NightAndDay,6,0.000146914341921924,0.00019409116650970638,8.036838067932107e-05,0.00015848692361095047,0.0002064384180342842,0.0001908815934360152,0.00013874086685387304,0.00032695155084963416,0.00012065493948464497,1919
68,NightAndDay,7,0.00018737672334592762,0.00041372068757819145,0.00017521669871500668,0.0003283486422598371,0.0005140652156590876,0.0003196141057196991,0.0002610483140959838,0.0004918605844310153,0.0002153844736503962,1919
69,NightAndDay,8,0.00038868297648984884,0.00032766809750491927,0.000222889944455075,0.00040723405141961707,0.0005845731606262034,0.00042558295417708525,0.00020651226195952612,0.0006124698941649057,0.0001575309270710068,1919
70,NightAndDay,9,0.0003294321327222874,0.00024584873976590983,0.00023198576750420053,0.00024339909611074864,0.0002502264558976404,0.0003315659512311825,0.00015330226126820492,0.0003274762405116284,-0.00014366543964248197,1919
71,NightAndDay,10,0.0002505162461710979,0.00036126634715941217,0.00016163323781281716,0.0003019088863674557,0.00034121134993169,0.0003265223785433871,0.00016612946667333644,0.00028752855900873,-1.8893713081192154e-05,1919
72,NightAndDay,11,0.00019322446885082414,0.00042560334616965776,0.0001556370246570957,0.00025322061000366034,0.0004483976076963362,0.0002695897543096181,0.0002283167150669612,0.0005136494336819491,0.00029400259686044314,1919
73,NightAndDay,12,0.0002144583100316156,0.00022827911900214913,0.00015126417574199249,0.00025364466058775146,0.0002638152797709896,0.00023298172097249711,0.0001241200093009104,0.0003522696433842046,-1.4177344276305784e-05,1919
74,NightAndDay,13,0.00032890752944473727,0.0004740440979130896,0.00020841938979953434,0.00022374862425765372,0.0006213451179304672,0.0005226948075428403,0.0002918012100424418,0.0008735319974417105,0.00044249955368539257,1919
75,NightAndDay,14,0.00017413022240505226,0.00027596588249484194,0.00013533348768737742,0.0002046439812304187,0.00032049279104816905,0.00021305035571709936,0.00016661666030863483,0.0004461330188609232,0.00024085383631432386,1919
76,NightAndDay,15,0.00017315646765794378,0.0002083795419325778,0.00012820782067845423,0.00019045043402985686,0.0001924536119340039,0.00018447172473554053,0.0001303094423614732,0.00028242741734624445,7.37377356640817e-05,1919
77,NightAndDay,16,0.0002020201687392323,0.00017067662256970125,0.00014800776964431076,0.00022602211105309937,0.000259871144363026,0.0002645809465715481,8.361427056715443e-05,0.0003997582077007525,6.0413114412281006e-05,1919
78,NightAndDay,17,0.00024168986714751393,0.000291433153180388,0.00023483428813501962,0.00022670658441181773,0.00032859812832261836,0.00031248189405366073,0.0001427812862757494,0.0004978809450878032,0.00015100794716402406,1919
79,NightAndDay,18,0.0001396513887523837,0.00012146046132070769,0.00011623700253944918,0.0001603001925561241,0.00013654480036871388,0.00016005913937978554,8.218766116343538e-05,0.00017728687580338456,-3.140302452308793e-05,1919
80,NightAndDay,19,0.000508025365949788,0.00035448065237708997,0.000372210146738258,0.000552776432279139,0.000391974624461151,0.000578616714094159,0.000364847946756517,0.000560133289941463,-0.000241509476421711,1919
81,NightAndDay,20,0.00024089930502051705,0.00027566349681209086,0.0001955598074244872,0.00027879062550588966,0.0003006315165655366,0.00026688839189057805,0.00015935878515188414,0.0004582392961950762,0.00015752826143688108,1919
82,NightAndDay,21,0.0002726295908920804,0.00019436056656062657,0.00023731351676163078,0.00035997664711710347,0.00020745572457216434,0.0003092097237443699,0.00013280552265162166,0.00031684479352017415,-0.0001925070490812091,1919
83,NightAndDay,22,0.00026917403374691873,0.0002303760487055961,0.00018540283855851355,0.0004288390086206239,0.0003030486467782729,0.0003983616636925529,0.0001539417307550155,0.0003344058681873942,-8.537721766264967e-05,1919
84,NightAndDay,23,0.00034956698589373936,0.00018178024972444754,0.00021774872287363606,0.0003191174407949213,0.00020714121472997457,0.000284209141065018,0.00012935716695705902,0.00031585322607107955,-0.0001392116407913582,1919
85,NightAndDay,24,0.00012379512535788702,0.0001392044512115,6.712338576273718e-05,0.00012321816636356,0.00020236971890018378,0.00013766714754533658,0.00010711599611049684,0.00021483178648948694,7.299049005632789e-05,1919
86,NightAndDay,25,0.00023937411284952838,0.00023564559999458194,0.00015325608598280518,0.00032706023156750644,0.00026366367815901936,0.00027470037839894646,9.317049441489872e-05,0.000321675425410691,-3.717922561185355e-05,1919
87,NightAndDay,26,0.00011640454313236083,0.0001524665916624298,6.998411518072612e-05,0.00012276424236198062,0.00021973635554361077,0.00011744112123769666,0.00010288898218375113,0.0002131833780509037,0.00011136973251270218,1919
88,NightAndDay,27,0.000159082984381349,0.00017929700041361635,0.00014139751624649922,0.00018528146284703268,0.00020827978737339081,0.00017369740020071315,9.653814418398446e-05,0.00024307020660251235,-3.1534953386318324e-05,1919
89,NightAndDay,28,0.0002420452144352353,0.00015416512755698553,0.0001369571582442285,0.00026799562078013935,0.00018177685197103122,0.0002410863580200629,0.00013732392980657872,0.00021504303600483485,-0.0001153001404917344,1919
90,NightAndDay,29,0.0002834500417060727,0.00022945772091391908,0.00020466576013969124,0.000312247170731851,0.00028115228406067836,0.00026350153278567167,0.00015185121852678867,0.00032107959279101446,-8.415724888396907e-05,1919
91,NightAndDay,30,0.00025324465885001634,0.00019435628866723854,0.00016927292415019608,0.00023845887550326796,0.0002975064043353608,0.0003082678209105915,0.0001234992228432987,0.00029412667417164903,1.672888540070915e-05,1919
92,NightAndDay,31,0.00013501732556864542,0.00014434681693431322,9.959891146491554e-05,0.0001333204786321932,0.00016274458257745404,0.00013499809866710042,8.336228676189361e-05,0.00017462426922159468,-3.9077725752375794e-06,1919
93,NightAndDay,32,0.00012424977807681895,0.00016519530513367856,7.92347724013842e-05,0.00016304351419924737,0.00019608271777386558,0.0001729468446296905,0.00010866894447136419,0.0002112757042397856,4.187167375485892e-05,1919
94,NightAndDay,33,0.00013069239967284946,0.0001408928880534407,0.00013163070039233203,0.00018111917229555018,0.0001738156916366763,0.00020014000896114128,9.38464715052649e-05,0.00021101652882532824,-1.2145839711571757e-05,1919
95,NightAndDay,34,0.0002715965695416381,0.0003547867186946547,0.00011744676506181753,0.00033389851536695675,0.0005053443776575949,0.00042751473694112264,0.00018411230635888658,0.0004848036435580711,0.0001926700966910567,1919
96,Orlando,1,0.00011606626356214864,0.00011199770954698469,7.332291249289457e-05,0.00014319338543232715,0.00010606818823285408,0.0001176947972778096,6.460501671966638e-05,0.0001270836119125516,-4.035636158743328e-05,1928
97,Orlando,2,0.00011643830492775827,9.146930477019019e-05,0.00010085008773807753,0.0001420302079172684,0.0001009186117078616,0.00011257313237217344,4.3629782729662225e-05,0.00013318880904395416,-3.8371796649439764e-05,1928
98,Orlando,3,0.00011922692471766832,0.0001697881926081769,0.00010570429695757854,0.0001725442644374594,0.00017624064419015514,0.0001588237991894231,0.00010361699728529042,0.00026849692536733957,6.114476261737128e-05,1928
99,Orlando,4,8.848808091653619e-05,8.626607940776959e-05,7.519917647790112e-05,0.00010674406100708165,0.00011285204419143901,9.327410263804314e-05,5.119420066369142e-05,0.0001197559561826782,-2.3934820207958496e-05,1928
100,Orlando,5,0.00010559485985853837,0.0001243110496813227,9.024889014680938e-05,0.00016714042457329018,0.00012322773614057371,0.00015153570170653061,6.982305531518556e-05,0.00014884936397762408,-4.877159258960587e-05,1928
101,Orlando,6,7.816404997659835e-05,8.023321199452247e-05,6.562856038831215e-05,9.271248207343182e-05,0.00010016952862417957,9.468069426238912e-05,6.322516351810591e-05,0.00010589097699919176,-2.335107547460688e-05,1928
102,TheVoyageOut,1,0.0002151194114519764,0.0001751343278473923,0.00013148709317366,0.0002788132433114123,0.0001951015802636128,0.0002581358627317913,7.957422537573384e-05,0.00023732138559241845,-7.355916204339283e-05,1915
103,TheVoyageOut,2,0.00017202540739191894,0.00016648679422460053,0.0001657781517028716,0.0002008527857006516,0.0002515193964672921,0.0001906745281001479,0.00011988586214357105,0.00024829607821016,3.8894435227623686e-05,1915
104,TheVoyageOut,3,0.00015256526384780435,0.00015996716928522118,0.00018093198320787013,0.0002091940490192973,0.00020737959865520274,0.00021287732213955108,0.00010692146734075434,0.0002844836999513636,-1.4269297498408151e-05,1915
105,TheVoyageOut,4,0.00016197042866920904,0.00016956250784926733,0.0001601238398063387,0.00021046149261173166,0.00021783895450598793,0.0002041345763894764,6.261106673806482e-05,0.0002491046046964613,1.2995183644118093e-05,1915
106,TheVoyageOut,5,0.00047754847317044543,0.00031126512574417876,0.00037576213222367783,0.000578129361917398,0.00037722497417665455,0.00044274198534206567,0.00026338414713347475,0.00035765380006571516,-0.0003080967335442646,1915
107,TheVoyageOut,6,0.0002565095692479692,0.00020550807537783418,0.0001986960755268239,0.00030428190778584443,0.0003364282274529743,0.00032132274779419996,0.00015087593225424786,0.0003424694074009658,-6.662248586589657e-05,1915
108,TheVoyageOut,7,0.0003071993790611738,0.00025034956242766545,0.00030657752840028223,0.0004890885110550206,0.00037606541854990467,0.00039180916359521964,0.00022275840071847198,0.0003965983742491972,-0.00017153840193277477,1915
109,TheVoyageOut,8,0.00022788514484816186,0.0003072310843088639,0.0002877394292308495,0.0003099823069315464,0.00034033532139222163,0.00024226487485489072,0.0002684985404864134,0.00035716067747106696,-0.00011445262524143918,1915
110,TheVoyageOut,9,0.00016228198752271634,0.00017272314265951095,0.00014351974200413928,0.0001588185577680857,0.0001975035015100717,0.00018983786115976887,0.00010144601132023393,0.0002328585793152722,-2.7269171633383916e-05,1915
111,TheVoyageOut,10,0.00025093735903463114,0.00018251459803046946,0.00019912767001491975,0.00028755637774047845,0.00019957251532682935,0.0002710793090999096,0.0001343935870571497,0.0002660257851493479,-0.00012607175802242695,1915
112,TheVoyageOut,11,0.00015032297280424042,0.00027979588619973333,9.636040543932056e-05,0.00023271561592878794,0.00028614336497680143,0.00021570692949334752,0.0001545588247019149,0.0003472613123803184,0.0001243794351707085,1915
113,TheVoyageOut,12,0.00011683529629610613,0.00019073505739454938,0.00012970119205144161,0.00011050193342101591,0.00025930368488733105,0.0001530857022704543,0.0001076869850773543,0.0002381806061865151,9.404901030440775e-05,1915
114,TheVoyageOut,13,0.0004876154893216818,0.00034737877310662225,0.00020780017898502728,0.000418302280025,0.0004982481023401354,0.0003483556765912556,0.0002945118898044202,0.00039528903378318583,-0.00015138123377844953,1915
115,TheVoyageOut,14,0.00018495739792266712,0.00018727414869900978,0.00016077131127518538,0.00019682489986852376,0.00024155555635464528,0.00020843672821866622,0.00013107904749716347,0.00025763810543981793,-3.6215644372122362e-06,1915
116,TheVoyageOut,15,0.00019118004415261534,0.00018300874648550055,0.00020154130861372386,0.00017584939896078919,0.000236271284738904,0.00023087362970427444,0.00012345300596582726,0.0002485721759658119,-4.3647345070802265e-05,1915
117,TheVoyageOut,16,0.00017717268535939707,0.00019142131102011523,0.0001393363816279111,0.00016478851552216843,0.00023848329949475557,0.000212446075268393,0.0001196599484542725,0.00027150846945392105,3.8933627489327474e-05,1915
118,TheVoyageOut,17,0.00014804659103763773,0.00013719305105787472,9.704436909776556e-05,0.00014028419816532127,0.00016888937809636826,0.0001427533416896055,9.19098448080304e-05,0.00025054050779478186,4.201933896104118e-05,1915
119,TheVoyageOut,18,0.0003631134438666758,0.0005211547576363126,0.00035974380682032424,0.0004125794264620105,0.0006409877351493158,0.0004539621750294105,0.00024513957038348845,0.0006512828896679063,0.00017907640856415052,1915
120,TheVoyageOut,19,0.00018197967780052857,0.00013963871037600783,0.000154869118040053,0.00018502602558711243,0.00017208586408566634,0.0001875388786228378,6.759154945312212e-05,0.00014953183170306406,-6.820238705953457e-05,1915
121,TheVoyageOut,20,0.0001959564511376159,0.00021122693980143485,0.00017962684659885908,0.00026054378520493787,0.0002435932938567788,0.0003011755095907568,0.00014754739144747346,0.0002229040253664121,-0.00015662186064531895,1915
122,TheVoyageOut,21,0.00026026670477116145,0.0002687689787836426,0.0001588131475961162,0.0002912172187725277,0.00023953414030344393,0.0002556154863258216,0.00012752727052844527,0.00022997378515369663,-2.4777724206183775e-05,1915
123,TheVoyageOut,22,0.0001693046570272045,0.00022634036137728192,0.00015057984787913956,0.00021907154162031356,0.0002912265324967,0.00020365846459532823,9.992073877967232e-05,0.00028379806173953334,2.8908651969898867e-05,1915
124,TheVoyageOut,23,0.00031558939711687196,0.00026404355425758107,0.0003745695171944788,0.0003824610521707121,0.0003776419018487977,0.00038978854171123106,0.00010180568579418863,0.0003894250163170947,-0.0001512587126799765,1915
125,TheVoyageOut,24,0.00016299984452846993,0.00023736197994448112,0.00011602367506152027,0.00023231832293524058,0.0003175983016150217,0.00019630505611622308,0.00018934275244846362,0.0003271197312923252,0.00012781022243715803,1915
126,TheVoyageOut,25,0.00017032721588995021,0.00010027681778367427,0.00013672425330701806,0.0002190335802544967,7.46950313773751e-05,0.00023139219107164808,4.592712912941187e-05,0.00012186788580749473,-0.0002167425858913657,1915
127,TheVoyageOut,26,0.00017179264022740582,0.00015876329861757592,0.0001523641001976365,0.00028079305990995985,0.00014708129117658176,0.0002711060049044124,0.00014226403023584087,0.00022871191888925767,-0.00015095601383958686,1915
128,TheVoyageOut,27,0.00044106421614134545,0.00031694548198822045,0.00022484617638142838,0.000531734766817942,0.0004120130578431648,0.00037935404437101363,0.0003277851629797784,0.0004634711452473954,-0.00010297081018023976,1915
129,TheWaves,1,0.0,0.003510930347695258,0.0017971542195156084,0.0023954363812738085,0.0018541727358233416,0.00224755765494565,0.0008432987897686751,0.0018826912416018832,0.0007019743709619834,1931
130,TheWaves,2,0.0003358362858123124,0.00018989419500441585,0.00020472263449314277,0.0003448529276691248,0.0002062050054308393,0.0002699179639492883,0.0001010479097667938,0.00021626017588732895,-0.00027995188675006207,1931
131,TheWaves,3,0.003938093004887491,0.0009471118235492363,0.0018626896841308091,0.0029981066409888913,0.004574011690909654,0.003205936920723109,0.0005562506376302818,0.0018029926371599637,-0.001630031870802346,1931
132,TheWaves,4,0.001010392328873905,0.00136728571440437,0.0007267478832639675,0.00167716583194066,0.0019357095724750525,0.0010983961689320875,0.0012662902852327751,0.0007197540986975226,0.00123043500258181,1931
133,TheWaves,5,0.0007794394929257704,0.0004793257565268489,0.0007075902582030535,0.0006325928072626148,0.0005062017145347352,0.0005218883384647204,0.0003792615483810659,0.0006541918962536261,-0.000446001112839892,1931
134,TheWaves,6,0.0007617391049400299,0.0006293908407650209,0.00042851523767797764,0.0006059720007245597,0.0007634845530027732,0.0005597305709637597,0.0005284237047727523,0.0004658514937712194,-0.00016022241522849404,1931
135,TheWaves,7,0.0004239124029201778,0.00046116492557466776,0.0003406983532389056,0.0007845785474482555,0.0005960135937496944,0.00051436237324674,0.0003238527239913511,0.0005848356720530012,-6.739367870931332e-05,1931
136,TheWaves,8,0.0009876635706531304,0.0006699480606123643,0.0005749216482453125,0.0011623587539474679,0.0006574560359709055,0.0006876888048954696,0.00044922223303539826,0.0006192677901027607,-0.0009732362791759,1931
137,TheWaves,9,0.0012807268882100457,0.0008469028991803305,0.0009825837174379948,0.0016096797997137981,0.0009972232083713627,0.0008506969158287983,0.00043387083584582375,0.0013733977057294763,-0.000726937493678956,1931
138,TheWaves,10,0.0007866932113760625,0.0006784657285546775,0.0008421968589032226,0.00063568993865621,0.0008172949064511374,0.0008406054932311076,0.000324724354948495,0.0007241184137158775,-0.00046916083422020755,1931
139,TheWaves,11,0.0006589767360125138,0.00045682118064563,0.00044277180095905755,0.0005656061859970875,0.000439996640717765,0.0004015278741318775,0.00024268604585443498,0.00051377934228955,-0.0001914763811901825,1931
140,TheWaves,12,0.0007549044551723876,0.0010505505500967062,0.0008569006716874063,0.0022870196421845624,0.0012848915358078061,0.001193315081376278,0.000988013893941775,0.0007437734750905312,-0.001224723898746375,1931
141,TheWaves,13,0.00026026141789009115,0.00016636257220369906,0.00021622649184213256,0.0002854348819800614,0.00019617659587288185,0.00023858780037437304,0.00011457032384977303,0.00018627932930258606,-0.00016468870717211255,1931
142,TheWaves,14,0.0003791003505574545,0.00035273012989656734,0.00026288220701611284,0.00042278022946702577,0.0003014930771002901,0.00036395962388014553,0.00017702793132150989,0.0004239663866080386,-0.00016979942381685446,1931
143,TheWaves,15,0.0015780101842655036,0.0007804479386252393,0.0012511753761732143,0.0014015656325448214,0.00164444053777655,0.0014497386438545323,0.0005494273237586428,0.0008476984632102679,-0.0014172206930138035,1931
144,TheWaves,16,0.00016163772512525144,0.00014214826654480883,0.00010686141318896318,0.0002002981583009651,0.00015822097418108938,0.0001585985728829832,0.00010874428354638407,0.00013792018733377827,-8.331870000490047e-05,1931
145,TheWaves,17,0.0009208185614784818,0.0005027417336573091,0.0007449283649427394,0.0012600288475445847,0.0016107226928076999,0.0010506269318979727,0.000913463616054497,0.0012307644747583727,-0.0005785829717650969,1931
146,TheWaves,18,0.00030168896913243727,0.00019022805349054782,0.0002468261740080509,0.0004373628014156783,0.00020651055558317268,0.000452067112110423,0.0001320208279543385,0.00029902760945003975,-0.0002708354372939994,1931
147,TheWaves,19,0.0032295301351032814,0.0016677228460503688,0.00136103625531965,0.003582142101530706,0.001813998527618994,0.0025773503394387,0.001140189462757425,0.000904297338903875,-0.002074055601608419,1931
148,TheWaves,20,0.00034474440820015853,0.0002637550030477382,0.00028199575364190263,0.00044197113018404734,0.00029278426934300263,0.00037006715684091316,0.00020392260368445856,0.0003132749756751737,-0.000145110409960848,1931
149,TheWaves,21,0.0011118353444149682,0.0010668101749810273,0.0005330157445232682,0.002109764238176123,0.0010408165357381864,0.001284161433054359,0.0013808153432690684,0.0016341372374329226,-0.0006442041727838408,1931
150,TheWaves,22,0.0002610043575190063,0.00016403788422781273,0.000166187669192785,0.0002275976516217923,0.00014445960071249455,0.00021532457922830592,8.59838965403559e-05,0.00023170626366497864,-0.0001480517134843041,1931
151,TheWaves,23,0.0021975845210725066,0.00186528940088623,0.0012902111629252834,0.0022841794936836936,0.0011334165014875502,0.0023016428746988936,0.0010828519236399667,0.0010546745106092134,-0.0031549994203452464,1931
152,TheWaves,24,0.00019273135961075515,0.00014672920055980575,0.00012074300532946666,0.00021490239541015926,0.00014358773769309588,0.00019054703401033746,8.668804018650371e-05,0.00015279787290363374,-0.00014586201399449918,1931
153,TheWaves,25,0.0028285568437927335,0.0012439034563587906,0.0008300179391885857,0.0033051647261352715,0.0015472769266820095,0.0037334422282313856,0.0017550724177292523,0.0013262619993832476,-0.0025817572640430713,1931
154,TheWaves,26,0.00011405372914600436,9.033930743776546e-05,7.739090103043115e-05,0.00012427466273546165,0.00010438887509019878,9.701502892922516e-05,5.652450789464139e-05,9.984316715648521e-05,-4.633777487305002e-05,1931
155,TheWaves,27,0.0,0.0,0.0,0.2163280326571968,0.0,0.2163280326571968,0.0,0.0,-0.2163280326571968,1931
156,TheYears,1,6.536478968719418e-05,6.60958521966573e-05,5.325464931576394e-05,7.150697587654489e-05,8.212135378863471e-05,7.645953679889805e-05,4.496582420396121e-05,9.9966776503626e-05,2.7360585218755125e-06,1937
157,TheYears,2,0.00010130563644478261,0.0001263198790092426,8.539625707913677e-05,0.00010671655714449527,0.00012802524596228074,0.00010986193002308275,8.615513597091212e-05,0.00016171328344116874,5.054083093232741e-06,1937
158,TheYears,3,0.000224822192680613,0.000240153662349748,0.000154365112287247,0.000222364400502351,0.000473755951918075,0.00033308581801010806,0.000140135504163766,0.00042556029138077195,0.00015886587415175402,1937
159,TheYears,4,0.0003231265496306212,9.76487641063531e-05,0.000280872015741285,0.00028683621068762745,0.00020917076027334336,0.0003659229555099177,7.336492418748407e-05,0.00020241170274378227,-0.00029212009704452215,1937
160,TheYears,5,0.00017653544705302865,0.00011619659144933334,0.0001343978425157375,0.00013716116117548229,0.0001690298280657776,0.00018575744073254114,8.803147940751615e-05,0.00014799790007124085,-5.4612018045208636e-05,1937
161,TheYears,6,0.00012469643650243973,0.00020132854948846164,0.00010651891265308903,0.00017011324660687877,0.00023398731931610685,0.00016682111692115,0.00010784716803031781,0.00028858759058094654,0.00013402892431113906,1937
162,TheYears,7,0.00024357613346492985,0.00028165411528785196,0.0003493178876530325,0.00037806420586076106,0.00031182648899894937,0.0005093955046985351,0.0001837990164290987,0.00038230920501733764,-0.00024243594793452465,1937
163,TheYears,8,8.024890476282353e-05,8.769910807875373e-05,5.563678288153758e-05,7.743421526339441e-05,0.00011148707136698316,8.004179057987754e-05,4.8991005618157604e-05,0.00010975659924595043,7.842206087155773e-06,1937
164,TheYears,9,0.00024840216745773697,0.00015088018534232752,0.000131766343442321,0.0003098548914803507,0.0001520976516132594,0.00021823139767836885,0.00011374141074760723,0.00018566049757201523,-0.00021248151232659853,1937
165,TheYears,10,5.3515218382192163e-05,4.85049527508433e-05,3.5597367980114775e-05,6.342247410644677e-05,6.577533407678703e-05,5.908907002253801e-05,3.439437093128881e-05,6.441916462537939e-05,-6.242827818275422e-06,1937
166,ToTheLighthouse,1,0.00027400533494365415,0.00018790260280013472,0.00020494296703880207,0.00023841161852025208,0.0002747726668485396,0.0003181378326958292,0.0001098340013837743,0.0002388243239458868,-5.564565588635278e-05,1927
167,ToTheLighthouse,2,0.046749075927531,0.0,0.046749075927531,0.046749075927531,0.0,0.0,0.0,0.054147559647835,0.007398483720304001,1927
168,ToTheLighthouse,3,0.0009592467100663409,0.000833013242804834,0.0007676406222902977,0.0014104646446278636,0.0012036341193073863,0.0009016905634503591,0.0007266061703310386,0.0009109903723955432,-0.0003724170131924364,1927
169,ToTheLighthouse,4,0.0003346169824957553,0.000278677061137825,0.0003114798220394634,0.0003589121686130857,0.00043723762041901433,0.00033207094754241694,0.00024238429184486964,0.00043299697739154286,-8.706381267475714e-05,1927
170,ToTheLighthouse,5,0.0008117932504799203,0.00041880103626240557,0.0007279725403414871,0.0005511619109539204,0.0007660672071451444,0.00048621715229877217,0.0002751349220877482,0.0007041631431405148,-0.00031846701600598333,1927
171,ToTheLighthouse,6,0.000515301075788079,0.00033619304742360555,0.0004291010424872678,0.0004624262020729533,0.000414525773732,0.0006144693656598145,0.0003432177220712156,0.0007207770303452489,-0.00013913262326217335,1927
172,ToTheLighthouse,7,0.0004383435566677985,0.0006695910880992682,0.00042363673991649393,0.0008404619581051015,0.0008775847736557576,0.0013188797798305925,0.00021009755082024696,0.0009487344518994788,0.00015316499721563484,1927
173,ToTheLighthouse,8,0.0005928798590155543,0.0005621860579990345,0.0005649311200649704,0.0007022102264497222,0.0005473122668681147,0.0007398320795946925,0.00022396567727491482,0.000546298672689032,-0.0003135893775441494,1927
174,ToTheLighthouse,9,0.0002967769267883078,0.0003288511625976069,0.00021039249938544484,0.0002934835762186405,0.0005164913449981595,0.0002831330766400569,0.0001768693153655862,0.0005100421050427518,0.00021699277821787672,1927
175,ToTheLighthouse,10,0.0005164187229651784,0.00035422908114382155,0.00039424712973957354,0.0006079773061387813,0.0004120816499979843,0.0005046703712712667,0.0002421463147083196,0.00043100824719960587,-0.0003447058182045667,1927
176,ToTheLighthouse,11,0.0006158214303985365,0.0006018509022338288,0.0004440660271737346,0.0008420723424430172,0.0009678987993752288,0.0009770876911064288,0.0004213007352999096,0.0009939018312904962,-0.00013732660517432307,1927
177,ToTheLighthouse,12,0.00044832063552877207,0.0004677738103118176,0.0002812178923053559,0.0006941475278956338,0.0006057544120027001,0.0005728953368431367,0.00020405683333618382,0.0005043230066047206,-0.00014345803399284706,1927
178,ToTheLighthouse,13,0.0006694900618149571,0.0010867096016872108,0.001101612924920125,0.00091297042183035,0.0011245606923349465,0.0016312558343471856,0.0006588926772965536,0.0018599972045308503,0.0009384393726837893,1927
179,ToTheLighthouse,14,0.0005437829914074897,0.000329723210879425,0.0003984761812010441,0.0006710621811669368,0.00032496903650297646,0.0006145919189358235,0.00016738705017151323,0.0004573282721225838,-0.0005700870962728971,1927
180,ToTheLighthouse,16,0.0013567047428292875,0.0006820759463286926,0.0007322048512353249,0.00089165258078779,0.0008038251791656649,0.0010133725925773474,0.00025666020293365,0.0005793642018344575,-0.0010922381464519475,1927
181,ToTheLighthouse,17,0.00012871094494184724,0.00011399885703893171,0.00010203948054380312,0.0001282838923524038,0.00015245806059821818,0.0001113344832019562,8.180824015485069e-05,0.00013074355393890742,-1.646389277243908e-05,1927
182,ToTheLighthouse,18,0.0004917618656574333,0.0004929871646431841,0.00044289193452438946,0.0006119706756819561,0.000650527816624728,0.0004784109220015281,0.0004155242501957667,0.0005435154089057386,-9.169814085958595e-05,1927
183,ToTheLighthouse,19,0.0005104504682211134,0.0003358355250610985,0.00013936146548762388,0.00038327705914268056,0.000511985872893309,0.0005058499823421627,0.0002533037043334537,0.0005510110564538926,3.3486716915244784e-05,1927
184,ToTheLighthouse,20,0.005039287917340667,0.0064315049435143,0.005039287917340667,0.0,0.0,0.0082620241061472,0.0032227361888065333,0.0,-0.014693529049661501,1927
185,ToTheLighthouse,21,0.0009210256761479727,0.0004985807355476272,0.0027648279372979546,0.0023335588923823996,0.0004985807355476272,0.005235740541299109,0.0,0.001532148126362709,-0.005670214811258673,1927
186,ToTheLighthouse,22,0.0022664292719343417,0.0022315295234890333,0.00027433369779660834,0.0013319098568853292,0.0019845401824215374,0.0021390301092538253,0.0006560812002365293,0.0024234509348125544,-0.0003847253580278582,1927
187,ToTheLighthouse,23,0.00198942409637396,0.001129980832371875,0.00107018375335574,0.0041468258235853196,0.0017513368183542499,0.00375139060397197,0.00147924351936103,0.001738784893297675,-0.0014712060224603752,1927
188,ToTheLighthouse,24,0.002067706135284781,0.0015638312213118563,0.0018710784859271186,0.00137220827669495,0.002219091539463925,0.0024257744289609565,0.00026834060039985624,0.00128059601270065,-0.0018546079733804312,1927
189,ToTheLighthouse,25,0.0005776504198578607,0.0012964089463235334,0.0004581317756320379,0.0013508503350043288,0.0011027693604419696,0.0009394683533190317,0.0006058165394967667,0.0011705352373044954,0.00016071059891677126,1927
190,ToTheLighthouse,26,0.012365128272610283,0.0024416878408949536,0.0030434908882558693,0.01577422286179147,0.0003990136650921154,0.01151320348411226,0.003202471775747992,0.0004585435530284462,-0.010416207617844184,1927
191,ToTheLighthouse,27,0.00099968770358781,0.000654601404708945,0.000405043400687515,0.001738708752035685,0.001545946350699005,0.0009750927284294851,0.00060464060901243,0.00081030839147092,-0.00039568191978122996,1927
192,ToTheLighthouse,28,0.0005293306718449697,0.0002911378068645212,0.0005120847230141182,0.0007704966475500788,0.0004029287208278864,0.0008120329693771561,0.0002450720933461121,0.0004884224072060213,-0.0005151522572385076,1927
193,ToTheLighthouse,29,0.002020524133078665,0.0016380490672785295,0.0007959549271642765,0.0018074630420519353,0.0031178372348758883,0.002527903796747565,0.0004656038521926,0.0024191645250855173,-1.257812241170681e-06,1927
194,ToTheLighthouse,30,0.0016676868408882846,0.0019932709280308845,0.00013682616656526152,0.0011637147739908692,0.0012251643022200614,0.0010990347548888307,0.0008942832272319385,0.0010681126542012307,-0.001220722617983369,1927
195,ToTheLighthouse,31,0.000793046845486685,0.0004661515704710316,0.00048053948418283834,0.0009020625949064199,0.00050687282328381,0.001174220254524545,0.00024809561279662165,0.0002708108747295933,-0.00134029595119228,1927
196,ToTheLighthouse,32,0.0006164628475198189,0.00033958043141258466,0.0006478325138803636,0.0007148539159271188,0.00041838678771872475,0.0011236936529164718,0.00023727519423658117,0.00029327203768511763,-0.0007483245231827389,1927
197,ToTheLighthouse,33,0.0005018811825091232,0.0004537271804832609,0.0002049140587926855,0.0006590421948290319,0.0004402673440408797,0.0004700966455545319,0.00020026197998784491,0.0003847205451613087,-0.0003397224455365073,1927
198,ToTheLighthouse,34,0.0005120873964038883,0.0004556475226554479,0.00031074607871384147,0.000632063324560167,0.00029477386609942977,0.0006587007778298085,0.00024842301929164896,0.0004797577416318192,-0.0004749220374397543,1927
199,ToTheLighthouse,35,0.0002161066354827623,0.0002978498987489592,0.00018686670295105077,0.0002679547788675923,0.00031213973735341613,0.00022455349207746076,0.00016862588530751154,0.0004049383565633877,7.83773873609e-05,1927
200,ToTheLighthouse,36,0.0,0.017801569147445424,0.05571229039753187,0.05838908433394607,0.017801569147445424,0.0,0.0,0.0761906534813915,-0.09629980558403253,1927
201,ToTheLighthouse,37,0.001120648303149497,0.0009983654894153303,0.0004818223131725878,0.0017467994117925274,0.0008160598872264242,0.0024162798249020455,0.0008671972058656878,0.000761802122719403,-0.0005053829193973425,1927
202,ToTheLighthouse,38,0.0007819240597044491,0.0003760016145677186,0.0005712335728464051,0.0009566377817165729,0.00029459313957051525,0.000862418446216022,0.00019089269276152202,0.00035516507635977967,-0.0011042843716934931,1927
203,ToTheLighthouse,39,0.0,0.0,0.012848998873264033,0.009107779563809267,0.0,0.015902984299057333,0.009107779563809267,0.0,-0.015161573701825234,1927
204,ToTheLighthouse,40,0.0010703221485833653,0.0006168984005260615,0.0010483727636084346,0.0010338482234380655,0.000645014424018273,0.0012339384980529884,0.0,0.0005973687803865038,-0.0008201978602935499,1927
205,ToTheLighthouse,41,0.0002962785792945465,0.00019884404765778527,0.0001841438373233434,0.0002672611414164597,0.0002518608619241961,0.0002808617529874101,0.00017406403940640078,0.0002622379200813333,-0.00015725578684223256,1927
206,ToTheLighthouse,42,0.0003866600776567581,0.0004080375302865865,0.0001791399089363919,0.0003342950466347473,0.0004967616668664716,0.00048709338924335003,0.00033182762908688917,0.0005135771682905406,-0.0002366973811393243,1927
207,ToTheLighthouse,43,0.0010533362498973899,0.0011823174119658599,0.0009365976574038,0.0043532967402244,0.00070850990236787,0.0045145739722312,0.00024715126507997997,0.00070850990236787,-0.00424263330201199,1927
