book_id,chap_id,PC0,PC1,PC2,PC3,PC4,PC5,PC6,PC7,PC8,PC9
BetweenTheActs,1,0.16375891146408272,0.20560771574136255,0.11622133132002466,-0.12922302736119157,0.1862553854730997,-0.04420125625877635,-0.07877347770955942,-0.05286904552647488,0.12508043631045918,0.009810166008595219
BetweenTheActs,2,-0.002190968455565179,0.15619145461801492,0.05542455251109932,-0.15137176981842015,0.1243519138224723,0.06932981964164694,-0.10587404992291655,-0.023738900838605397,0.048111094128630134,0.10390604751943584
BetweenTheActs,3,0.05286195909562679,0.11448082336097427,0.08081512731268002,-0.08869005073465364,0.1484332522498147,-0.06579397037589968,-0.06180851314333502,-0.10075586635909835,0.014163033019721959,0.12966686957753584
BetweenTheActs,4,0.14137799048427352,0.22355031278905924,0.09888193428264543,-0.14249597879196835,0.14020860131115107,0.043988818833901135,-0.052032675012017686,-0.037679941787578386,0.18006617627367777,0.0698845078985113
BetweenTheActs,5,0.0006238845375347683,0.1822116523885349,0.09291030995603901,-0.1125285383299045,0.10234519078401137,0.002068394683987859,-0.09961541685465622,-0.09298371731295911,0.25787585746377106,0.019185336748583425
BetweenTheActs,6,0.10811441331947717,0.07056175236448903,0.0517226824086289,-0.05531119221052848,0.0856288507296052,0.024691953555300194,0.09019126668428916,0.010771645307416935,0.07009550237068775,-0.12732513920081823
BetweenTheActs,7,0.059341186795046075,0.1315029539994964,0.07290088719243001,-0.07179989773733528,0.20442365761668294,-0.06395888659872734,0.07820043921117315,-0.1360690325928562,0.0590220996619764,-0.012884357505938767
BetweenTheActs,8,0.035753084263730174,0.06871873046457048,0.09927312221239054,0.005476126561333153,0.22786056916697972,-0.04594188883003089,-0.12182064360242897,-0.09871413044026761,-0.0657193521310532,0.0054972329278713495
BetweenTheActs,9,0.2732962856935639,0.18339197434577875,-0.010280364039517337,0.001582201844863372,0.1832703231212576,-0.02160304987901422,-0.05657861385899954,-0.08858875808673324,0.09525120563006768,0.057052677106214596
BetweenTheActs,10,0.07748210530444626,0.12400228300782346,0.09127532102534403,-0.05003088727593551,0.16103598370104813,0.045131111140448786,-0.1414632514123526,0.010638824695646781,-0.02079900762317292,0.06503857828910276
BetweenTheActs,11,0.21171007076975498,0.13543699313413765,0.03355470097324288,-0.007839987271442897,0.20496989818577874,0.0047047843257197255,-0.11679811449063673,-0.149699002153574,-0.02407433772658837,0.07407091891501849
BetweenTheActs,12,0.18440164342407458,0.08782863870893008,0.022170903329169284,-0.01802683318829336,0.15726983659789132,0.0661745772847376,-0.14194204717295975,-0.05094748082051792,0.17204974731878397,0.19733939734870928
BetweenTheActs,13,0.07820298734774485,0.1009658065465524,0.14477021182443658,0.09926519088673012,0.01330449100609892,0.052291427579750055,-0.06304837302511206,-0.009465385760582467,0.19518130211100654,0.13653441892523038
BetweenTheActs,14,0.26715744849132317,0.11208480257051807,0.07027830084790038,0.14528161511890747,0.056813323918039026,0.12246044884515733,0.013345919712227278,-0.09784185871918757,0.07724122007400534,0.17886578230888212
BetweenTheActs,15,0.08235051854926832,0.18511603431226129,0.22119223158205567,0.0004850203377689856,0.03604816647096418,0.06972179805598659,-0.011749899759264985,-0.08440781299367642,0.2263138491800602,0.19230364307053172
BetweenTheActs,16,0.08226388919091772,0.13036612651479085,-0.013390347504027317,-0.09139010790898254,0.0052634765006064985,0.05253548411620461,-0.18170272760383843,-0.08814168355808485,0.04885861120947961,0.16150606388232486
BetweenTheActs,17,0.264717012233363,0.3373363281512081,0.14008427986875768,-0.007657990406668378,0.23676573675162216,0.24070578011815125,-0.17724244699452574,-0.12073255250716478,0.15112082203797392,0.2570749124463195
BetweenTheActs,18,0.13772085669289572,0.24190098795019055,0.07813440377009531,-0.10028360109101472,0.21643287697140076,0.12089143728225821,-0.17863260781165033,-0.1470436153031214,0.20693580548237514,0.15472281165266027
BetweenTheActs,19,0.23130485932026465,0.09751359424550755,-0.005083297931279509,0.0861741778832635,0.1748035658055757,-0.018086330670928553,-0.15495879598188553,-0.1550850550438194,0.19059641484003173,0.1265636560668941
BetweenTheActs,20,0.12025199940753413,0.11211534744838261,0.05978691033039743,-0.06034753286203816,0.13622670992966743,0.12187554869721512,-0.04637959105430088,-0.1459689535598441,-0.03913616096809368,0.07509855715752545
BetweenTheActs,21,0.06345619654641772,0.12494733065690096,0.11996214466269212,-0.052981549638329,0.013518993309810169,0.04638925203437164,-0.04239485148275738,-0.05250034344593446,0.007218179779568715,-0.013342397377130822
BetweenTheActs,22,0.17517208062148742,0.15854166380314336,0.168266902595024,0.12438864996193472,0.09780842551696078,0.2330302717232534,0.05570779441337164,-0.1120824535311978,0.1604160816770198,0.16863971070908848
BetweenTheActs,23,0.10801882046828211,0.13730236321244213,0.26305615587050785,0.29946865385180566,0.39887899055126086,0.059223793915040165,-0.27064822523093224,0.35228255178278456,-0.35516805055548645,0.07074927091156631
BetweenTheActs,24,0.20749873118975587,0.23246562698253095,0.1968405321863794,0.0920468224536088,0.3155797136372684,0.20507149483578302,-0.1211267123924581,0.17912186365731944,-0.16044099470797066,0.12580310894456706
BetweenTheActs,25,0.09629644110487777,0.14844118349275673,0.17524578031757498,0.28297323764356547,0.3990161161781336,0.05248746984210684,-0.23420603793134712,0.36631859333024197,-0.3829030998110453,0.03573759176013302
BetweenTheActs,26,0.1500260822023612,0.19547137834365766,0.2378960044923645,0.187466370521323,-0.05705046580759092,0.20901057660479158,-0.024245079731108794,-0.02624578782587282,0.040765277820749,0.33024269312919974
BetweenTheActs,27,0.20437966499486881,0.35912512440675726,0.18743596178442148,-0.007686225462203168,0.14978641223478387,0.1355774614143863,-0.06486352560501864,-0.05317452467701212,0.10674820029382634,-0.03358217140926269
BetweenTheActs,28,0.10169982044404499,0.06307784919769374,0.10876994988025467,-0.02197520669692913,0.08431360507353736,0.04492902503155124,0.05901410718764638,-0.008994656351869313,0.13785295022071442,0.06582987829508156
BetweenTheActs,29,0.2063930282466554,0.30158793929542116,0.07633458219529862,0.19045572817793532,0.1929293883410529,0.06311178585479107,-0.06043648278351073,0.11699884453453342,-0.0658929121636166,0.14500233234739934
BetweenTheActs,30,0.29508731054589177,0.27425421173883596,0.094589576688802,0.13814761288292252,0.15808190195795888,0.22637251237134592,-0.08285492018607452,-0.0661373537655707,0.21248906712187954,0.24663443230246257
BetweenTheActs,31,0.06798031927057732,0.1754101353506477,0.10081865618464338,-0.05179018447107251,0.0975611674724901,0.08819724898698182,-0.09700844137104976,-0.17609110097894312,0.07180222046863194,0.24797656353201553
BetweenTheActs,32,0.009560410478474024,0.1187031949238491,0.06293195316113041,-0.05454001007288889,0.1568718582792445,0.04498121988445866,0.0041083199945284865,-0.13653765570118678,0.212367329160225,0.09504381221090433
BetweenTheActs,33,0.007359621711952679,0.18492375110171752,0.019573867507615656,-0.10828323037086506,0.05365462310335364,0.10862088012787484,-0.09955212307049746,-0.04495959729479326,0.06090498892790308,0.16886321240893648
BetweenTheActs,34,0.07939627653349698,0.1941532492051363,0.10059818470996248,-0.12656161198763788,0.0789861403141118,0.0686701685540094,-0.17319765508185908,-0.1293784406603911,0.1894385455306577,0.06846603803962777
Flush,1,0.23363536422784242,0.4859006895800194,0.19799298575049046,-0.028718936783455377,-0.3100637938214097,-0.14356814932762696,-0.17917102346474653,0.01232655760841355,-0.04389940789479493,0.10674016979432711
Flush,2,0.18297068202523883,0.481562387232084,0.33144416647359826,-0.022380134734606864,-0.41392635763751445,-0.08538372770587928,-0.061344643093318996,-0.08823570835452853,-0.12216092120590887,0.23179200516898119
Flush,3,0.2542295633084008,0.41857843050655635,0.2907496381588184,-0.007593904544808558,-0.4119089635040119,-0.08421590522150912,-0.00025703766028115603,-0.08295903781953484,-0.14026263598793554,0.27542076206309574
Flush,4,0.2661344816565299,0.4858533643173991,0.34771957394448066,-0.07022607648844019,-0.41657381213572375,-0.11725943937452209,-0.027875605729783544,-0.08782142472044162,-0.137122316775477,0.1688185151796261
Flush,5,0.23121786936540156,0.5133608453416713,0.1902946224964141,-0.2073214084040869,-0.22394207596229118,-0.14726075707047193,-0.16832878319456998,-0.0640910009636647,-0.03410679468970153,0.050031561737752174
Flush,6,0.3205063121006155,0.4850942497491916,0.20031919038682267,-0.09063105505007774,-0.2201333955074097,-0.16181883769672817,-0.10139252975104723,0.14311446894549737,-0.08366231916083612,0.10162087993384496
JacobsRoom,1,0.08119372291257175,0.23060418613292447,0.04992304054196671,-0.3819871845144237,0.10629501510177955,0.1214686335877987,-0.0296682267761243,-0.09509591213005439,-0.027091309121842367,-0.0010952480422185586
JacobsRoom,2,0.2597161551427337,0.36039887792694647,0.12785283651887025,-0.26574374807408674,0.20415545327265971,-0.021709365868534225,-0.060345923313387305,-0.09224310392211037,0.10641488883502415,0.04188325913671779
JacobsRoom,3,0.30161551691795147,0.40151596961076336,0.022803906600356035,-0.2911097453762752,0.18906395187951258,0.0681411756542395,-0.06651735479488428,0.04916220607066188,-0.00911949484271664,0.08091732867344568
JacobsRoom,4,0.2716546323838287,0.34913616304297457,0.11748699831182081,-0.26441515292221746,0.10833075478697911,0.16478638323303738,-0.020329793547243697,0.0012896851793021396,-0.06494245667711115,0.19903176749209164
JacobsRoom,5,0.3066200598519495,0.38823004078929046,0.07455394090751649,-0.1424639688893264,0.11197087217058788,-0.031003927732357734,-0.13170904112861914,0.12405009143062558,0.11088203556877586,-0.18953150388168183
JacobsRoom,6,0.2892324737514433,0.3343837581350453,0.08228000123504994,-0.2586056030324553,0.15939809245723188,0.05514183614591186,-0.04611862571022044,-0.010192230935552847,0.04244701124494457,-0.08567950625719804
JacobsRoom,7,0.30709654265102926,0.30472810162804537,0.18021975852125827,0.08114548725402845,-0.008639699532094858,0.027412960735865553,0.054606529373688914,0.050912889965345556,-0.14644137914320005,0.1709392594653171
JacobsRoom,8,0.2614179159134564,0.44810039292658316,0.0814510514296511,-0.15370501879419768,0.02980845943147349,-0.08087526862632627,-0.10805507679933338,0.04132145231593381,0.09102164247598934,-0.0642957450844228
JacobsRoom,9,0.3216229263203861,0.4850988021525352,0.2359370214382615,-0.1420552374874774,-0.08960840844681482,-0.03600143555121764,-0.010795091460936932,-0.0056342809982705055,-0.08292475985200926,0.1520737084089833
JacobsRoom,10,0.2559681074769872,0.42447702026554057,0.13761029807569547,-0.23214228519807276,0.05078558781597639,0.03254593609595089,-0.05190663112673158,-0.10672503943684636,-0.013447557632397158,-0.004891362839685901
JacobsRoom,11,0.32546331479632357,0.2829288678102608,0.13707628046719447,-0.033133805189302756,0.13516667410957206,0.14667954632814165,0.02112757684596095,0.026698645477569803,0.15623510897161777,-0.0026181780473008374
JacobsRoom,12,0.40016232941915264,0.44640403371642967,-0.004244859421040013,-0.29716099847604016,0.11757232838005383,-0.03450267538082581,-0.03321016633202359,0.04772612874650263,0.05796540934997807,0.010331179935790675
JacobsRoom,13,0.32420942086531035,0.39492881403433244,0.2616689959205337,-0.19535607713911415,0.08982516866870945,-0.0029757364892519823,-0.09385411574062769,0.022557958695833113,-0.10723432946138246,-0.10857263560693164
JacobsRoom,14,0.02629039728365589,0.20392098340858386,0.07669043932947905,-0.03461274681711648,0.04539024796364912,-0.022734246733374378,-0.040419042785906835,0.014672446645739034,0.005231382537715396,-0.19068037489335438
MrsDalloway,1,0.2728734495450071,0.3769906827480934,0.2302207874052557,-0.16600468873994106,0.0373985106662642,-0.1749719005042749,0.06446746894264171,-0.01387350526399626,-0.118639120714662,0.06685593126403631
MrsDalloway,2,0.2148562030543639,0.4477629469795432,0.16030325726958267,-0.29762357217557045,0.1321625355281383,-0.02259526434496482,-0.09285247448878184,0.025561428921778585,-0.02760261096141125,-0.05678286398114075
MrsDalloway,3,0.310125706586543,0.2974786560878393,0.09022680208246761,-0.22656156815448186,0.2771693340232392,-0.07156960263537054,0.06638661817543379,-0.08069622493167143,-0.11382413718807868,0.094560459633183
MrsDalloway,4,0.2998126757077798,0.3644964214132707,0.11938121710292457,-0.20215658441301382,0.0759710189759536,-0.09396455632348044,0.06831261947763065,-0.07108984982976703,-0.08145432381779447,-0.20749289021644696
MrsDalloway,5,0.06233443240258739,0.18549585552689682,-0.046276490010053115,-0.10929108124667575,0.06709595523780869,0.009015801589642537,-0.09536115610971936,0.1077031804958723,-0.06471198529339721,-0.07659333050048575
MrsDalloway,6,0.3156224550265001,0.21411889755817426,0.11854120116900842,-0.09334057478935212,0.07721922562713843,-0.10457979565468034,0.09604878972755092,-0.008519111329086223,-0.08729549165853975,0.1790621396005838
MrsDalloway,7,0.5018471833475835,0.44188760814991723,0.22274779877904813,-0.13992596111186675,0.22141369023238236,-0.1900133104986155,-0.10023957545094982,0.028671182104653893,-0.191464813239258,0.17684022623405912
MrsDalloway,8,0.3989984460788052,0.3165429366644887,0.2434572521881058,-0.023675128259696025,0.32064062848690994,-0.15663302120508332,-0.028833419791115616,0.10026130738639429,-0.23175619230667235,0.16713721556903502
NightAndDay,1,0.5408553164394732,0.1673934850247394,-0.005605645079901021,-0.10481255314401593,0.023897658957735154,0.06764567367271139,-0.06648446935893713,-0.03398171027436078,0.01618845160572594,-0.07540708977738429
NightAndDay,2,0.531137924273346,0.18154919996493996,0.04295102736045418,-0.10549124462152426,-0.05193321245073071,-0.011783465838391505,-0.02941613437929675,-0.05359759630752258,-0.033736873685777054,-0.09073247031736889
NightAndDay,3,0.40188724896044864,0.18113186290332242,-0.0762863877841391,-0.11336639342998553,0.01931794927969523,-0.1856369016157221,-0.1026979476815293,0.17102285555651378,0.1276804241057696,-0.03477969130856205
NightAndDay,4,0.617686912926683,0.15554939253997224,-0.04967426305212636,-0.0915076855794862,-0.057808860072646816,0.10050697309879933,-0.0052841873935693135,-0.072394339917343,-0.0023463751960943833,0.07609472531535627
NightAndDay,5,0.6162281068961684,0.13236825342135866,-0.06352498994038984,-0.0664746675592314,0.11026380416910199,0.15806894841920735,-0.16386321057496564,-0.05748261438917691,-0.11098105281927571,0.016725141270000927
NightAndDay,6,0.5777209693441511,0.2374707249072889,-0.018642157265103154,-0.11311703656200592,-0.08684394530011343,-0.06544282752470978,-0.024325222090514815,-0.08008642367728908,0.04967791858419674,-0.054904899725654085
NightAndDay,7,0.49680160375139487,0.08967275845385085,-0.05220266941604468,-0.10327779482789484,0.1173472889335142,-0.07239035615931626,0.014792884826436379,-0.051377372450590555,0.02273638145545092,-0.0816364617252153
NightAndDay,8,0.42951724014785103,0.04723155807424565,-0.05889974208111497,-0.09499361661197597,0.06109159726925554,-0.12186192744143418,-0.005194439148252831,0.08087691261563541,-0.008709870654901784,-0.0758857814360061
NightAndDay,9,0.4913713771951809,0.143646553117947,0.03402114913124506,-0.05940822718180679,0.1776346957948393,-0.0060127348220094246,0.06514894184483357,0.06171116420184267,-0.034645511259466924,-0.08226754529343869
NightAndDay,10,0.49579380235438314,0.09404025683730341,-0.09538271117723618,-0.12154035094306452,-0.059712001500707615,-0.09048898305427558,-0.06115910588590146,0.02682660911472702,0.11712863513918334,-0.06540502491005196
NightAndDay,11,0.5840624138631466,0.024435151322109105,-0.16716021109101165,-0.03856488631854907,0.09758079654661739,0.0026598656679128847,-0.13504013258473263,-0.124334108967034,-0.061067291316275495,0.15666298121592442
NightAndDay,12,0.5378819008947171,0.15241998221602332,-0.06567877377782504,-0.07571024031505719,0.11533250276133067,-0.02463132608559907,-0.11151062772079856,0.02082732517694619,-0.05365262075494008,0.09336523677524247
NightAndDay,13,0.4423709288788779,0.08443445868338689,0.03283199653280705,-0.08307219959444365,-0.04766083046874667,0.019771646749502374,0.011438649611391464,-0.018674989889803158,0.07175618723601254,-0.08624925651370956
NightAndDay,14,0.5634491246850011,0.14039378475895292,-0.03935599018714521,-0.04323553940929421,-0.023940901792590348,-0.057971617225079396,-0.16639749794683645,-0.1482386608349565,-0.061139038810354936,0.15469288068924603
NightAndDay,15,0.393761528903753,0.23025559497955597,-0.033709772517066555,-0.21503955541481726,0.06920507779896064,-0.02229053800593315,-0.06443537223840065,-0.02660047333232113,0.13334625523751623,-0.025225767519961653
NightAndDay,16,0.5806297144585829,0.032505863494389026,-0.1139118488544486,-0.04236885313107748,0.04527813790739626,0.0973825529283263,-0.14998740227462085,-0.028599348323825574,-0.057607929352958075,0.06698914886522017
NightAndDay,17,0.4200974442292943,0.15077472496687272,0.033553813661774845,0.04120833876167756,0.2519225388289752,-0.15418022219971977,-0.06823426694118337,0.20880905100565678,-0.11586703120066497,-0.01698696551243658
NightAndDay,18,0.6784344790247742,0.12198518266500899,-0.15703945265006217,-0.1524984124226766,0.05069012679132503,0.04768325543946724,-0.12548531038685512,-0.036613362878641476,-0.022482053087995536,0.03419359311056702
NightAndDay,19,0.5237469760871373,-0.01591144738539055,-0.20060584521896893,-0.025831430620959064,0.014947125356168859,0.08171387572760315,-0.007442059378035343,0.019782611023973096,-0.03036376565107799,-0.002120659434005411
NightAndDay,20,0.48196518277307965,0.15881457982724323,-0.07658598824053733,-0.10212124078592233,-0.047591592722720746,-0.05683961978481647,-0.0814604447362765,0.012041797425965972,0.10835409036652051,-0.0074874859479008285
NightAndDay,21,0.5876110392903042,0.06761226200698542,-0.16591393316371422,-0.13694731617715317,-0.03560703550992933,0.05177032436696182,-0.12022289130931824,-0.07599163336725945,-0.028579903655082037,0.007749929720311906
NightAndDay,22,0.6269119289350268,-0.024477206478904633,-0.1803418312041027,-0.011057373568251205,0.016730993253247894,-0.05001797163380209,-0.2465484891306589,-0.11257720904303223,-0.07491867737408754,0.1597150181162853
NightAndDay,23,0.5962896410959998,0.05929199872127149,-0.1927414269053393,-0.12149195918021198,-0.013217920897082291,0.04454654141434707,-0.16189204071868132,-0.07900289225442535,-0.09702104200754962,0.07360249815263487
NightAndDay,24,0.6243958215193044,0.11585738187176817,-0.11334828824585472,-0.06594094655077809,0.04453261802743303,-0.030976223696958967,-0.1977487045018275,-0.11495069380131394,-0.05275922320198206,0.12117026765039313
NightAndDay,25,0.5571325218069504,0.07704245570409987,-0.14655238504296417,-0.13743442123008265,-0.040172412353289645,0.01153083018084485,-0.11424679639456409,0.013720925824411933,0.012491086264431586,0.014147510197604619
NightAndDay,26,0.6603938515625976,0.1320383892214814,-0.12278167625456858,-0.05334181755453872,0.11508028199561644,0.02403557043688093,-0.16519940386126955,-0.19764265760667904,-0.06972110939109888,0.07568859720480672
NightAndDay,27,0.6294311044506276,0.09522578665211161,-0.09061981339013798,-0.050798646151369135,0.0061880367497488195,0.028486104997410194,-0.21415916334132198,-0.18755007143580704,-0.07933604483699297,0.09885001246682856
NightAndDay,28,0.553672359168428,0.10146373398288296,-0.1484156374337537,-0.16607488903713818,-0.04397755369361414,0.07468172306685426,-0.15238773424896435,-0.02899243558577648,-0.04228223326342445,0.019349702034930458
NightAndDay,29,0.5803225599815102,-0.012588729385986786,-0.17346596271186354,0.026750167099310652,0.10072555104639634,0.06988593600240159,-0.16747728349690577,-0.20816037077587154,-0.14273185872586244,0.17878062653374063
NightAndDay,30,0.552564235416841,0.07787087423989396,-0.1291388335434303,-0.12758483095453876,0.03474461263696792,0.09524449132768979,-0.17571474676056273,-0.13232154646051222,-0.1032681902753188,-0.030330382233906345
NightAndDay,31,0.6253127113922805,0.14339411795681728,-0.1223778418562554,-0.045876022878797273,0.050410970320017484,-0.064820282370524,-0.3066703842071732,-0.2287482565306718,-0.0846621851861767,0.0693891480084951
NightAndDay,32,0.6354296037139177,0.09412278642747363,-0.1800006800526044,-0.05753917231723974,0.06674381011985536,0.003312434015581619,-0.268765391686969,-0.14963969521057105,-0.10859237700368907,0.16299021562789123
NightAndDay,33,0.6122343220115525,0.14099313712065903,-0.13003933815625357,-0.16318091884028657,0.045624936567366645,0.004868591925598994,-0.16467507242364143,-0.026593640285028693,-0.033529896831480624,0.09077625246446033
NightAndDay,34,0.34940281133412876,0.20400384451018488,-0.09992394967616988,-0.260193772687257,-0.029367831313244917,0.10024136282970739,-0.16401803463218723,-0.08332557915581557,-0.08148898011639305,-0.11375196439997101
Orlando,1,0.2827629010309546,0.4552181128209628,0.00049983528209921,-0.37262974650973585,0.15460316950439665,0.019505677955276624,-0.23286099322455203,0.16337019896393484,0.16277176603396612,0.10814753367603883
Orlando,2,0.34246502403136075,0.46230591518911834,0.005897548867823973,-0.19030351536068804,0.16537335380631749,-0.14364259481102692,-0.25510617854162476,0.20467715722312577,0.08464840139826939,0.10798578105145343
Orlando,3,0.3388621735494319,0.3964692486561102,-0.08390615517743664,-0.1844973472171078,0.11564029382355506,-0.10418719360205081,-0.23630264638530307,0.21994854228742536,0.12817394953252853,0.12707079124033227
Orlando,4,0.4077329336311071,0.44600490664545,-0.06806811862879489,-0.21432904038682893,0.1194323871963733,-0.06009376682940094,-0.1924404143649272,0.15858884818560026,0.10999967723711591,0.10216426183851517
Orlando,5,0.26332347741181933,0.40782309227821856,-0.02766836342698404,-0.26046156520373137,0.13693294875871775,-0.04480571969999547,-0.20789081774921653,0.13023480815232993,0.12239683355461,0.1311149318208066
Orlando,6,0.353121751202135,0.4960290488617809,0.011807813085062338,-0.3040109462760952,0.1432249403719258,-0.051665660995002784,-0.21965966235536016,0.14460840643921274,0.023508748496471756,0.11805972314539713
TheVoyageOut,1,0.43147170015934855,0.28237793919972376,-0.0035613721027241297,-0.3422632844183547,0.1584413784049421,0.09839816205947577,0.008689578926796908,0.08347280711504731,0.052908448936531384,0.05220427431428558
TheVoyageOut,2,0.4746014982615763,0.26494139752389445,0.04427426313375797,-0.22850553759852235,0.1181648235618403,0.053652012021011324,0.016538067619710817,0.1356604167506409,0.07937134024052984,0.10383798890775886
TheVoyageOut,3,0.5442491385100445,0.19369414044437197,0.027339016686480762,-0.07530085731271295,0.17823919304810756,0.1515228802345562,0.13847570037426643,0.10848812846198294,0.03142642786387912,0.08439389056636792
TheVoyageOut,4,0.5957221736618966,0.23238215873253554,0.03810498283065163,-0.015850416414908426,0.011930528368658417,0.18737748063280962,0.09630619948624605,0.031722368298824556,-0.020608406014814236,0.08795891714616277
TheVoyageOut,5,0.30079988224009196,0.19710631748673338,-0.0016102296433466463,-0.18839065354336662,0.06542226690157514,0.20475940298000225,0.04898989773733895,0.017137717214134297,0.01308373954897944,0.1291597027674628
TheVoyageOut,6,0.5198112270897047,0.0558502555107415,-0.010917787824184535,-0.15865802240710317,0.10495252767447559,0.1236098702565635,0.09854965626314861,0.07602132807448499,-0.03148104911985303,0.07389025903355032
TheVoyageOut,7,0.2955233315064061,0.20722305451994188,-0.037590564333858156,-0.3135153529004497,0.06353715797159291,0.10423553021555892,-0.17068961523990184,0.144380110300125,0.13382258261003996,0.17565221021044203
TheVoyageOut,8,0.3832026674681138,0.30260876320153346,0.0392228318989477,-0.21044287977606874,0.05988519963243734,0.04185086245161133,-0.024514001384313977,0.05316367895018914,0.06271049553987132,-0.014105644488570861
TheVoyageOut,9,0.547662953183982,0.3499500096275415,0.1311733547348685,-0.07214599077766551,-0.011931462943312389,0.1452772411228315,0.08409217155444434,0.03479256410058815,0.009525854883992385,0.1885783441623356
TheVoyageOut,10,0.4495452094118843,0.2731021484811731,0.09212771279472647,-0.166527531495679,-0.03916141598558769,0.16639573289445278,0.059955646122046374,0.06876764927907836,0.0579757175445995,0.1339509878052857
TheVoyageOut,11,0.5756762250653804,0.190830577723921,0.009731519714842535,-0.12273025461714351,0.07723574881646954,0.22838858829261655,0.07248620065728066,0.07204499731293937,0.05634040250515345,0.04417177436351585
TheVoyageOut,12,0.5263653507441587,0.24710938820071904,0.06673887866958697,-0.08511970255443843,-0.021738645987334382,0.27680981729766435,0.15157952454521498,0.002918286235160418,-0.062372021993689936,0.09469591419246008
TheVoyageOut,13,0.30635002408880196,0.2087782990370869,-0.013321244103831972,-0.2474597291777879,-0.006834797144154271,0.1507809311294068,-0.05399932879681565,0.07230534046753954,0.06442876606875395,0.10089172455605004
TheVoyageOut,14,0.6180048237052636,0.1694424496219407,0.05751406071069742,-0.10393378827190661,0.11779268945446988,0.18266542851952292,0.17014603871421033,0.031160624287601215,-0.029801206516354324,0.00913642580447097
TheVoyageOut,15,0.5690054257461199,0.16112602426584088,0.0055929042648567365,-0.1020505156577328,0.104376317256284,0.23267508761751685,0.15083202508196675,0.1143156023658545,0.029775701391985675,0.07088427089348255
TheVoyageOut,16,0.5909139180971993,0.2191357185833243,0.05057881389480448,-0.12561192126922413,0.10023547895952659,0.16111222780787993,0.09927036538362738,0.11514290321609023,0.08565022785105623,0.022414943376117654
TheVoyageOut,17,0.4881841629822431,0.28173762985394557,-0.021013971117923302,-0.26008230204296484,0.0045162552401229366,0.036684526710129506,-0.01349087157873076,0.08517047634468175,0.11621833746163132,0.1957878992193673
TheVoyageOut,18,0.34624995003382153,0.06762501275473241,-0.08882485650031044,-0.11021784942679437,0.07535460852656521,-0.11127288324975834,0.0520591729216561,0.14274814592208962,0.05632879948155635,0.09612637303758603
TheVoyageOut,19,0.6412455278938677,0.20849786093361622,0.04794002214139497,-0.05682783652707765,-0.06367879949618636,0.257099748901151,0.08200572142266797,-0.021080686267039444,0.02024727122235614,0.1696876242985984
TheVoyageOut,20,0.32015772712491947,0.2155693004352808,-0.06569925048376844,-0.3892643815810777,0.04991410524280311,0.23737589267590609,-0.06646954543051047,0.10096036736202768,-0.0038920941889978673,0.17563357266188007
TheVoyageOut,21,0.4612770353115637,0.14528233972565613,-0.1116614538671259,-0.30088249992603594,0.020855450042596736,0.26035394091984454,-0.051094977068208154,0.09754691202094357,0.015117787939627522,0.14321377444532443
TheVoyageOut,22,0.5550138596337522,0.2187520591273815,-0.013621728096145726,-0.1796205081439871,0.0433715842864857,0.12476606443523724,0.08882510389635392,0.1308996864595974,0.10221319137032997,0.0948524527422362
TheVoyageOut,23,0.5312501979331768,0.08398456641853322,-0.002985720680148677,-0.15557268426968385,0.04453081919634361,0.09116277866710407,0.18472958820775942,0.10823267607600624,0.004892165213810248,0.0589462548063557
TheVoyageOut,24,0.5462494515783866,0.14702237245765287,0.015449075570202898,-0.1806700194613178,0.07852864739457668,0.07393650898913619,0.19674756538186644,0.05466025288453963,-0.019029334173503335,0.13680386788568347
TheVoyageOut,25,0.5046519817837385,0.1912806480047607,-0.058688510964575134,-0.28092124640910743,-0.030554084626687447,0.08194059829386018,0.07389217400078316,0.11102676838482602,-0.07895788201289365,0.1068633394377152
TheVoyageOut,26,0.5243443367249955,0.2090169762926536,0.01899222428129233,-0.12584340768683244,-0.017264442221450918,0.11937702687612209,0.1556426680715728,0.033000451881292914,-0.042979774844198265,0.14540512294692262
TheVoyageOut,27,0.2859243669056883,0.24645005042958915,0.06158126242549096,-0.21265443495441005,-0.07477707752485876,0.20751972561788481,0.11319651817912672,0.03974916254933134,0.019814089411467617,0.1706815379089237
TheWaves,1,-0.03413271510536631,0.08363689396237856,-0.029871503994952336,-0.2609320417055324,0.0030984604219807324,0.16368684509159992,-0.13879507128202778,-0.041931203013900825,-0.13518482073067567,-0.024128333474091018
TheWaves,2,-0.03357489434827278,0.6036932693281866,-0.26630657626716914,-0.09393852627322687,0.09143133466161737,0.18739043190448063,0.03749669339216216,-0.08138173278576913,-0.07744061495560386,0.16676824931149542
TheWaves,3,-0.0961204899863376,0.028325827211277056,-0.03165921297856645,-0.2600120593655543,-0.026912098070212685,0.1889388850579452,-0.04770904518499517,-0.024917378084925803,-0.19998169988919678,0.018751088728678596
TheWaves,4,0.039416325598164575,0.3719087865674775,-0.2236408935303023,0.1012701436941367,0.07393389080725826,-0.08844113059603047,0.05103653601720725,-0.05112635991404359,0.05485733529191197,-0.09043133817584115
TheWaves,5,0.05250798160998957,0.45345795087227814,-0.23303174801391197,0.03289317626338059,0.12280700622872714,0.023461378057629215,0.04344943738746872,-0.049872960072558856,0.010351754640218688,0.10470887792767798
TheWaves,6,0.0808059429441224,0.4236524679682124,-0.10296062097461799,0.007671916772208402,0.04623053858057153,0.1472901471993501,0.10850753069225644,-0.11326033687688283,-0.07943124219310045,0.21876847081609158
TheWaves,7,0.06701643444339624,0.4516889473070941,-0.28966085217578885,0.03196652538822356,0.14365684852637345,-0.004667512075597428,0.10293147014394019,-0.03447464910767306,0.025242709183383755,0.09659806236799648
TheWaves,8,0.031076503063686752,0.4637276906845722,-0.3104636706046531,0.06642141366169538,0.04605342103344223,0.01431236768525339,0.15498032649516125,-0.13389751533602842,-0.12373745738004828,0.10866905322481743
TheWaves,9,0.08086319582400585,0.33564646029996215,-0.281563430617753,0.07590471965137877,0.02979562021999699,-0.05520029606589912,0.013338662074646675,-0.006502397958050561,-0.035873706181001545,0.05079286379718869
TheWaves,10,0.002289518919079682,0.3073988523291555,-0.12390410088233238,-0.049479117409447465,-0.037522497348273315,0.027182728970497623,-0.0977437882479179,-0.06185847018388439,0.055730202766929186,-0.002212664303588999
TheWaves,11,0.16279075772412024,0.3908185379057886,-0.33806227890349716,-0.04317839942358875,0.07604413841223132,-0.0568872139542982,-0.020847486764258724,0.017547250068033846,0.04940217578938021,0.0033472917197680755
TheWaves,12,-0.09071512493240265,0.13445882512837862,-0.029507538774515413,-0.30129123470777586,0.01767622361158042,0.2921223419257153,-0.11265363502341391,-0.034593285167985474,-0.1512884033768073,0.11729404189466239
TheWaves,13,0.1267107661322881,0.5605812879832047,-0.43737688422558063,0.04348340447230339,0.11861127747986766,0.010936076623388849,0.05807122934265032,-0.047342670513752676,-0.0924125252437414,0.10454613062743999
TheWaves,14,0.020333948952301117,0.593106654930223,-0.3726704855083946,-0.03085392471281312,0.12730327027649574,0.1274507740856466,0.0594288878818762,-0.10883876193786365,-0.10429631226756449,0.04380566086076747
TheWaves,15,-0.09200579574297749,0.1078484125079355,-0.02394311492204823,-0.28374962255071245,0.05789016516227427,0.13854146546736434,-0.15266945426997325,-0.05854763408468011,0.002067859969766427,0.03592872133912844
TheWaves,16,0.14835354802629538,0.648168543769648,-0.4477837226164624,0.028439194239433828,0.08815929329485434,0.043061035351897016,0.024749524340249834,-0.033147038768224515,-0.06356801297553558,0.08618305959756647
TheWaves,17,-0.06889864069649404,0.14955000509802124,-0.021663176825202475,-0.3822518382448082,0.02153232470473154,0.25786407012584334,-0.1859202981175885,0.05928046281345439,-0.03371375592769936,0.02569834414839222
TheWaves,18,0.12664837392406184,0.5944699800372893,-0.3470947570012709,-0.014548172960033329,0.05056146426252546,-0.012754243959634391,0.01285887761036923,-0.06389032688427378,-0.06436057747246994,0.0090706304538938
TheWaves,19,-0.07350634658017198,0.11121058815944349,-0.03835045647424642,-0.29599974321945904,0.01885256955170623,0.23369970171428037,-0.18031335856140512,-0.012633253430685602,-0.09555533694853692,-0.02839851155959106
TheWaves,20,0.08292545908302446,0.5899017695257959,-0.28186349927458276,-0.06743608752320762,0.08362850709980708,0.0477704499301246,-0.0002109875622948662,-0.015487038204590648,-0.05230613675239162,0.08403925739361047
TheWaves,21,-0.11101293156615633,0.15612499896106788,-0.05864275742385101,-0.2658155409405939,-0.003011442158080531,0.16917636264385144,-0.21892912362138936,-0.05634016100416121,-0.057881852910891304,0.06596453247444771
TheWaves,22,0.12761009593170894,0.6070132098617054,-0.30624676869107254,-0.11369504017223594,0.09452106442477917,0.0610964490114619,0.020226502442302337,-0.06666356345763912,-0.059965758409122945,0.05182513602347928
TheWaves,23,-0.12429901813322031,0.14319471922834778,-0.026077167815142403,-0.37259233664917557,0.008310941192375042,0.21936087731967985,-0.22949751342578475,0.02053403900697125,-0.028376615542369227,0.09473910201511826
TheWaves,24,0.1260910095496357,0.6069422984339834,-0.3689106582504207,-0.05463845472641366,0.12379311190902839,0.10167914225338398,0.026137281206016865,-0.034613116786306006,-0.017069020100976322,0.06404885764575896
TheWaves,25,-0.11333714725235944,0.11881791460580318,-0.04898854114442356,-0.32962234829810233,0.003919320651888434,0.21244955303094212,-0.19673339257554795,0.0452357252782284,-0.035670842810247176,-0.009841646521656321
TheWaves,26,0.22970861690993105,0.6189023105543896,-0.25735901550333723,-0.160456255027842,0.13320620198904518,0.042158442461724496,-0.09046026636238912,-0.01600909314022534,-0.011623617267252926,0.10704187406911442
TheWaves,27,-0.11412533267370423,-0.09188757754819996,-0.08160308946040554,-0.15807691819937586,-0.0806915506882992,0.1942334874528958,0.006681765257567295,0.11739355869597275,-0.23677519705230565,0.003997980012627791
TheYears,1,0.43108824191047795,0.42584255001070714,0.20955504438941314,-0.2820751188964586,0.15717492190145255,0.05030938037351314,-0.00599529844042252,-0.26511475381309146,-0.0882131477771031,0.00939223858442642
TheYears,2,0.37202147578871214,0.40045589439270596,0.21193730475121442,-0.27399621355232956,0.2024407866935745,0.037583592888078624,-0.03694843586682855,-0.2336419734150951,-0.08555583432979655,-0.08814980334868601
TheYears,3,0.20630205034962942,0.3641459609711846,0.17390580633467895,-0.15687040520636067,0.2102283280090314,0.2311952595730264,-0.017426960474834528,-0.12417441974520704,-0.16166400118595514,-0.028959515688715583
TheYears,4,0.3559223016225076,0.2957084533799036,0.20385683068471244,-0.15679536732074947,0.10966517317637428,0.01823412522033345,0.01796155709316636,-0.28751652870025124,-0.05820536187617558,-0.07240942883947371
TheYears,5,0.40666598712628377,0.3512338710103414,0.21013008854763288,-0.23430444454064078,0.23872093235964498,0.14746136845922786,-0.017911088416676345,-0.2792896674057093,-0.08860424600513911,-0.08649465272219509
TheYears,6,0.34696904368848985,0.27043609111142825,0.14469848046886394,-0.10263487611575649,0.3478240164553583,0.09243926972430785,-0.2789903297859707,-0.12482946565626536,-0.18424956722689564,0.14129908640670918
TheYears,7,0.23349363853186775,0.33302451942731304,0.20300745059253048,-0.1788588956448961,0.025985956188409688,-0.03905421790710976,-0.010823042525313673,-0.11548618304983027,-0.1571069618565979,-0.008397678558629718
TheYears,8,0.40798456520447024,0.4214857900380802,0.20571884086054404,-0.2944521434857314,0.2608663518301435,0.12244915095174226,-0.03823183674335582,-0.17648452862165148,-0.09820814676322454,-0.024176905213713306
TheYears,9,0.3816994837079904,0.32731014101108197,0.07956750364731101,-0.2034170495397079,0.17085089886383314,0.12060923700207454,-0.015509968682194631,-0.27706278692514663,-0.09082094722209447,-0.07042617515131798
TheYears,10,0.5432740120992919,0.34596549547881283,0.13133396905495046,-0.20845376554163803,0.268966172807096,0.20482165139072203,0.03569622347080746,-0.2642350986717236,-0.06382010292224163,-0.001335481580246288
ToTheLighthouse,1,0.27239061883691335,0.2420850258996025,0.013436687456667866,-0.31157303180909196,0.2348942670064374,-0.18722703317187533,0.03779222250386334,-0.008915057746268032,0.05573825173820318,0.11001410346843514
ToTheLighthouse,2,0.019512856788644017,-0.052758262074368845,-0.0006672584766348522,0.008458534937099714,-0.04018056119638305,-0.05408366994305967,0.04686610805693994,0.013107367036200534,-0.05953376304688416,-0.07509468942289989
ToTheLighthouse,3,0.06057347455202388,0.06633001609199242,-0.01862819073685477,-0.1870030732840936,0.1759167378067396,-0.07256980079103757,0.07979315056564867,-0.08026213901835144,-0.028278850292068433,0.135481469845246
ToTheLighthouse,4,0.2359067383508702,0.16423825708595904,-0.02166956749791369,-0.27635700621816234,0.12564752144712069,-0.12375036789069202,-0.12737056351008616,-0.11640098619387759,0.009917227590357654,0.245496849191237
ToTheLighthouse,5,0.16918906503883896,0.12546731252502077,-0.018539987414466517,-0.19264123345347745,0.13360817938705935,-0.13567797098282167,-0.11311244367653683,-0.11324126491938463,0.03382070595739158,0.17104974752986143
ToTheLighthouse,6,0.1948126883257441,0.17701826678615346,-0.07740447304490143,-0.16592004531002438,0.1269916542844646,-0.18578647509460508,-0.00890457163284366,0.03666793592547502,0.07200157406350649,0.13214172243767447
ToTheLighthouse,7,0.11330570559163182,0.07918994944755893,-0.055021034294857815,-0.14386919034017234,0.07383985579154392,-0.15448477753510778,0.02948066332782124,0.017308757601631992,0.04073081058954788,0.1449981381753064
ToTheLighthouse,8,0.22827273018356645,0.13245334717038773,-0.08707414599092647,-0.18081971365661106,0.16579555543335783,-0.171888225303786,-0.013500097052178512,-0.0022184396231817553,0.08216766597117425,0.2503965900437122
ToTheLighthouse,9,0.2327856872711913,0.13740707828472495,-0.04955549723101492,-0.25921311059363283,0.08061599618617872,-0.15766264016046855,-0.043244596752316886,-0.06892720853175298,-0.007936378753772726,0.13591088393785086
ToTheLighthouse,10,0.27031155639706717,0.13016990941562231,0.0203494585242962,-0.19752536281121838,0.24379393606663055,-0.1753406178143283,0.21413551455038993,0.0052862568081362615,0.029616743999065814,0.12677395358844384
ToTheLighthouse,11,0.17545765132575686,0.07234024261589724,-0.09230097382728719,-0.16664493852136258,0.046323351547966796,-0.07291458717055337,-0.030146975260880043,0.055146441236927086,-0.06676038976063964,0.11772805673578503
ToTheLighthouse,12,0.30506764925852997,0.10323165784872242,0.03377096272767182,-0.26548961194506066,0.17281379380011447,-0.12487786883859041,0.14853693484778038,-0.04676281899261096,-0.022394844091333563,0.08944831760839347
ToTheLighthouse,13,0.1845314154308862,-0.006689831159282321,0.018430558308012643,-0.05071964606997226,0.08147637847861973,-0.05398627858802434,0.10189677732217395,0.038157202613252575,0.020952942994364572,0.11057224821098258
ToTheLighthouse,14,0.15126548988814686,0.1393186558271742,-0.039709806261371175,-0.24916224948156765,0.05763773237154118,0.026996823447616093,0.03881728888126966,0.012749101603977126,-0.043422675478734976,0.04693878546639929
ToTheLighthouse,15,0.027467939018773632,-0.06117128645318887,0.014055430611687436,0.05965199354904575,-0.055446183548351034,-0.07928390181013784,0.020664515329073374,0.0044152475214256914,0.052634521081700636,-0.1663643716859901
ToTheLighthouse,16,0.19038597818044392,0.12115507047829041,-0.009421523267398924,-0.13498537210757608,0.15195343909845113,-0.15055704511728865,0.08888267274055311,-0.08996736070453105,-0.0908527032893908,0.07326705767661701
ToTheLighthouse,17,0.4968147109662162,0.1516118902409178,-0.09962394155449153,-0.25765743215283815,0.22008630290456196,-0.16566753608459378,0.02179545972987052,-0.10477740301554296,-0.08731460796543307,0.21858172595491604
ToTheLighthouse,18,0.2415245067605,0.11442878990123391,-0.008952592133388827,-0.27978146598220205,0.12310924981454192,-0.04643377090191319,0.11561231510822642,-0.05442649770086647,-0.17468870506050302,0.07232649840986494
ToTheLighthouse,19,0.29128712341507185,0.044147441999140544,0.03207768047270486,-0.22248727794576767,0.22422093374959726,-0.04800658484794784,0.1717815455923463,-0.10504858436594187,-0.09097286267139754,0.16709070563564357
ToTheLighthouse,20,0.0017633137808061913,0.004311261031843514,-0.019306281335351817,-0.06879836251962032,0.015822866018340667,-0.07282600492742702,0.031214705166078695,0.0028705498641553207,-0.09230940783180375,-0.0002950089471729124
ToTheLighthouse,21,0.03895835644110389,0.10937477489299847,0.017503377323222977,-0.1732767919622044,0.02367059195759566,-0.016284377207667573,0.01751545568521666,-0.07428119450862995,0.03225587514642327,-0.0033411730435644544
ToTheLighthouse,22,-0.01963710948341987,0.1333988027012432,-0.11080286080212252,-0.16440684942726305,0.00913176788872371,0.03533316999102283,-0.039620379561944793,0.08777586464517885,-0.06362310055237462,0.11589402755474495
ToTheLighthouse,23,-0.011963193079699772,0.11655934182750831,0.019138266449575968,-0.18723987164721526,-0.08839407186672821,0.002259283174743618,-0.1432021051713657,-0.0786080544442699,-0.0012571406367573208,-0.02712191558789677
ToTheLighthouse,24,0.04707668151918001,0.10514961141178342,-0.03544172987348421,-0.05291969246545282,0.06851049254205135,0.07284991255861753,-0.0004361533523658135,-0.07713909960412332,-0.02695404315433277,0.05796700581250493
ToTheLighthouse,25,0.0038076825199299218,0.126001736832598,-0.06243176545429742,-0.2275627009422876,-0.029256488640384,0.06277034934445674,-0.17740582519519338,0.03713819935713837,-0.036692514581912486,0.12655455851616032
ToTheLighthouse,26,-0.05162388228391867,0.05965692918726562,-0.000927361866298655,-0.07516077326494149,-0.03124798008055646,0.05397317368791547,-0.09301670526785627,0.05819855735406143,-0.007335386981677022,0.02020185288457015
ToTheLighthouse,27,0.09472867561414972,0.153568433768698,0.12132079707052357,-0.13160301613029782,0.10772254293186949,-0.06918595745490512,0.06840379869317224,-0.10713033454285802,-0.019428360422075124,0.08422351341504743
ToTheLighthouse,28,0.103315834444785,0.19302774860431005,0.06770510416473528,-0.21897007694015191,0.12495574170233208,-0.0698025367293606,-0.02788867683115212,-0.13008018611890865,0.04400843124223833,0.13517773851649592
ToTheLighthouse,29,-0.014685330200062529,0.043943947175218614,-0.016522041879705456,-0.15448781794711877,-0.09571935171397528,0.07130269409867394,0.01978462040513119,0.05835619909437413,-0.2578508790543539,0.02031541576716034
ToTheLighthouse,30,0.12310107396966535,0.04603315978750944,-0.012515606487346068,-0.008072093648527009,0.05874590312656541,-0.09129002180330831,0.1402219713391654,-0.07600310272643414,0.035832153091478004,-0.004960650221858754
ToTheLighthouse,31,0.13999017692611013,0.09576502233923012,-0.007551188797593925,-0.20115123209562868,0.11058675234569425,-0.1013227624471246,0.0626881890928979,-0.11715742818036656,-0.012986258974493441,0.15618166464356212
ToTheLighthouse,32,0.221007100922433,0.07682862055708269,-0.06992648482717095,-0.18734004583853636,0.11787110569216452,-0.18924222332615664,-0.0012616837829124662,-0.01034450816928636,-0.0037959205744760452,0.21410710310589295
ToTheLighthouse,33,0.13655705349328728,0.05244602566229303,-0.04294988478137429,-0.3159345280632417,0.0393441045498348,-0.08943135197218094,-0.007468474143098024,0.025201678108164406,-0.06443258329530209,0.22235808242042315
ToTheLighthouse,34,0.11177064457513214,0.058580855074168756,-0.047126360661842226,-0.34760596353117446,0.10632376406342677,0.0394272502595173,0.038336672377704134,0.05122185308701157,-0.11734597579064676,0.2299144402287376
ToTheLighthouse,35,0.2597435763079052,0.08815057843413943,-0.03739938803776438,-0.2983981012734512,0.21689636577691251,-0.12088202003478184,-0.15090118110166345,-0.15376200186446223,-0.11742031653415488,0.30303310208801953
ToTheLighthouse,36,-0.035602863593876724,0.041182364243144275,0.023745354462832477,0.017293402628179588,0.03158940232259019,-0.009632631948168097,0.03870013857787121,-0.0673769119502572,0.05087358370544363,-0.11514133252323215
ToTheLighthouse,37,0.04810464656361504,0.058054303916928805,-0.08339474619641049,-0.29256235423412436,0.0292150152178362,-0.01784839500633255,-0.05322563660773733,0.05817819768736417,-0.04911191791509822,0.21499341256091012
ToTheLighthouse,38,0.07399362950895245,0.10985037396471051,-0.050109497755268774,-0.38045745104801776,0.10635982651196575,0.07603086386469761,0.10320187272451647,0.02062756969709819,-0.16882996468784955,0.18716834469837001
ToTheLighthouse,39,0.007513036351917281,0.0002098769252910828,-0.0026715393331945836,-0.06515976223338382,0.016741885040366777,-0.06455783992192121,-0.046926861588274985,0.028305147344292028,0.019814966909876566,0.005317291244712147
ToTheLighthouse,40,0.04951774962551901,0.11655801529495606,0.005809467343249447,-0.31449062055797,0.09566054887454559,0.03352218814563215,0.07864934214923117,0.09133648388823923,-0.029667253988356422,0.13575207396599392
ToTheLighthouse,41,0.25606358719827843,0.1156390941781927,-0.008330896594694517,-0.404936445412518,0.1644688697456432,-0.1514954543443235,0.0928388527196046,-0.10738117098693364,-0.07908318287108812,0.239624362675953
ToTheLighthouse,42,0.16150705832166137,0.10589072014220213,-0.005630168860776909,-0.3112919890464565,0.14588840074347637,-0.027382033334101344,0.11647994639624096,-0.034780629710085054,-0.08944362845725208,0.15288859887625159
ToTheLighthouse,43,0.08151508845488449,-0.013378050094290555,-0.02300245422989404,-0.1948742095644622,0.054933020330590304,-0.08341583385981163,0.05066302609263725,-0.0902099698399834,-0.015420671572218662,0.15742050115296746
